YTID,ESC-50class,AudioSetLabel,newLabel
--4gqARaEJE,dog,/m/0bt9lr,1
-8pCMgGKZY8,dog,/m/0bt9lr,1
-9byM5-ih2M,dog,/m/0bt9lr,1
06rCpqwkcDw,dog,/m/0bt9lr,1
0Wkk9iNzA9c,dog,/m/0bt9lr,1
0dXtmlR1Lm0,dog,/m/0bt9lr,1
0foC-4n-eH0,dog,/m/0bt9lr,1
1D4LxbOVn1I,dog,/m/0bt9lr,1
1MP3sQTk8wo,dog,/m/0bt9lr,1
1WGfcIOLUK8,dog,/m/0bt9lr,1
1_Q80fDGLRM,dog,/m/0bt9lr,1
20qZLse0acs,dog,/m/0bt9lr,1
2QKJuc_Hscc,dog,/m/0bt9lr,1
2ZZEtUCIkUw,dog,/m/0bt9lr,1
2nQzeKH07LQ,dog,/m/0bt9lr,1
2peFmuYqSDo,dog,/m/0bt9lr,1
2rW2I6KmWhw,dog,/m/0bt9lr,1
2tBRn4xKmzM,dog,/m/0bt9lr,1
31c2kosdtuo,dog,/m/0bt9lr,1
37QWwibfvXU,dog,/m/0bt9lr,1
3AzacBprTzU,dog,/m/0bt9lr,1
3LvZUtupOCs,dog,/m/0bt9lr,1
3NRu3vNRFxU,dog,/m/0bt9lr,1
3TyBFLPxDw8,dog,/m/0bt9lr,1
3lsNtH_m7kw,dog,/m/0bt9lr,1
3qesirWAGt4,dog,/m/0bt9lr,1
3rn-tCQafl8,dog,/m/0bt9lr,1
4GxRRVp3hD4,dog,/m/0bt9lr,1
4IvFk-bZ0-M,dog,/m/0bt9lr,1
4Jc8UZHaqHw,dog,/m/0bt9lr,1
4qaJW0mvsoY,dog,/m/0bt9lr,1
4ynKNPBxypA,dog,/m/0bt9lr,1
5-SzNKBcPWs,dog,/m/0bt9lr,1
5UUgV7-Bg3c,dog,/m/0bt9lr,1
5Y-1he25j9E,dog,/m/0bt9lr,1
5b6lStP8UXE,dog,/m/0bt9lr,1
5bHKmOv3XzE,dog,/m/0bt9lr,1
5ixvBFzG0kc,dog,/m/0bt9lr,1
5lw-BHt_rXY,dog,/m/0bt9lr,1
5rSpIXAOjgk,dog,/m/0bt9lr,1
yMNs4gCJn1c,coughing,/m/01b_21,25
0iiwZ2_9Vi8,coughing,/m/01b_21,25
0mZQ6Q-viPw,coughing,/m/01b_21,25
130v5XJl8G0,coughing,/m/01b_21,25
1Xmw9VUzvLY,coughing,/m/01b_21,25
39IZIbmQPzA,coughing,/m/01b_21,25
3Liy9uBgsQM,coughing,/m/01b_21,25
3id3zRRZBVM,coughing,/m/01b_21,25
40fIOkLK3j4,coughing,/m/01b_21,25
5wbc84KnDS0,coughing,/m/01b_21,25
7lO9BbTaezE,coughing,/m/01b_21,25
9h3a7fN0f-c,coughing,/m/01b_21,25
AIVt3e5EVtc,coughing,/m/01b_21,25
AlPu_yxLT2g,coughing,/m/01b_21,25
BZU01hhyVKs,coughing,/m/01b_21,25
DYTLct-5tVs,coughing,/m/01b_21,25
HJg4jZNv1pc,coughing,/m/01b_21,25
HMnF8n9c5-Y,coughing,/m/01b_21,25
IYllzXfvkmY,coughing,/m/01b_21,25
IwQFUAPEk70,coughing,/m/01b_21,25
IzPMbIll3LE,coughing,/m/01b_21,25
JKUSKYdYo9w,coughing,/m/01b_21,25
JLtieDCSa6Y,coughing,/m/01b_21,25
Kqt4BiLQeeI,coughing,/m/01b_21,25
MVLEz28ZdFU,coughing,/m/01b_21,25
NjazulpHxNY,coughing,/m/01b_21,25
OSlYn9hTRFA,coughing,/m/01b_21,25
OwAUGABGrqk,coughing,/m/01b_21,25
PyXQVNaAbHc,coughing,/m/01b_21,25
RFeU64gTvGQ,coughing,/m/01b_21,25
RXJxtAHtkcs,coughing,/m/01b_21,25
Rr84-EZvO0U,coughing,/m/01b_21,25
Rtg1SUrxOPY,coughing,/m/01b_21,25
S3oZrMGDMMw,coughing,/m/01b_21,25
TA-iHSeEUYk,coughing,/m/01b_21,25
TB3VhNczX88,coughing,/m/01b_21,25
ThHs0zNnQXg,coughing,/m/01b_21,25
TjP-9AlPShg,coughing,/m/01b_21,25
X8yUSV4oqoU,coughing,/m/01b_21,25
YsUCzO0gfro,coughing,/m/01b_21,25
-0CamVQdP_Y,footsteps,/m/07pbtc8,26
yXeKrbtMz2M,footsteps,/m/07pbtc8,26
1jTQsVs5iWM,footsteps,/m/07pbtc8,26
20iicREGgPo,footsteps,/m/07pbtc8,26
4E7jRLLWJ9Q,footsteps,/m/07pbtc8,26
8ubZbG02MFw,footsteps,/m/07pbtc8,26
9Bd657cv4cQ,footsteps,/m/07pbtc8,26
9VQlVWRvTuU,footsteps,/m/07pbtc8,26
HkkqouO9dhk,footsteps,/m/07pbtc8,26
JzhzqS3qoWM,footsteps,/m/07pbtc8,26
KLTcho2GWlY,footsteps,/m/07pbtc8,26
MaxFDvVavpE,footsteps,/m/07pbtc8,26
NaxkVOsjU9M,footsteps,/m/07pbtc8,26
PtgNHlRcC60,footsteps,/m/07pbtc8,26
Qke6klF2VgI,footsteps,/m/07pbtc8,26
RT234P5SzJo,footsteps,/m/07pbtc8,26
RfpfGVGqrq8,footsteps,/m/07pbtc8,26
RuNg2fBesuE,footsteps,/m/07pbtc8,26
SLq-Co_szYo,footsteps,/m/07pbtc8,26
SazBtubiBMc,footsteps,/m/07pbtc8,26
SrSHQPCtM64,footsteps,/m/07pbtc8,26
Stc_YLQ6jXA,footsteps,/m/07pbtc8,26
SwYSFL9pKV0,footsteps,/m/07pbtc8,26
V_s7JIG-LTo,footsteps,/m/07pbtc8,26
XJDN_0PKKIw,footsteps,/m/07pbtc8,26
Ym5riFoF8wo,footsteps,/m/07pbtc8,26
YvouhbVsfOc,footsteps,/m/07pbtc8,26
ZGrmfYmxXkc,footsteps,/m/07pbtc8,26
a4dgvEncdKE,footsteps,/m/07pbtc8,26
arkgpTGrhz8,footsteps,/m/07pbtc8,26
bfOLFECH_W8,footsteps,/m/07pbtc8,26
dS_WMy4T2nU,footsteps,/m/07pbtc8,26
du5eK2m3PEI,footsteps,/m/07pbtc8,26
eK4lJTWvaNs,footsteps,/m/07pbtc8,26
erGqO1pNJZE,footsteps,/m/07pbtc8,26
et5TUaG9oEM,footsteps,/m/07pbtc8,26
f8LqerexQng,footsteps,/m/07pbtc8,26
fW6s2NhVseY,footsteps,/m/07pbtc8,26
fqr6r501TLI,footsteps,/m/07pbtc8,26
gM4rjqjJecw,footsteps,/m/07pbtc8,26
-0yRK50zyTI,crackling_fire,/m/07pzfmf,13
1bbyaXEVouE,crackling_fire,/m/07pzfmf,13
4q8KuEMFfhA,crackling_fire,/m/07pzfmf,13
69oU6LfyQ_4,crackling_fire,/m/07pzfmf,13
6sfjS8pGgjM,crackling_fire,/m/07pzfmf,13
7Ma67n3TbwI,crackling_fire,/m/07pzfmf,13
9ZYj5toEbGA,crackling_fire,/m/07pzfmf,13
ENr5NQ-Q5aM,crackling_fire,/m/07pzfmf,13
Fxl4CpEjcQU,crackling_fire,/m/07pzfmf,13
GSTxgr6KkFs,crackling_fire,/m/07pzfmf,13
HZf02v6DyyY,crackling_fire,/m/07pzfmf,13
HgSqmsr5GOQ,crackling_fire,/m/07pzfmf,13
I9zQLQjNu98,crackling_fire,/m/07pzfmf,13
IAf3HUIy0lA,crackling_fire,/m/07pzfmf,13
JVu9sofg3yQ,crackling_fire,/m/07pzfmf,13
KyebYm2Tx9A,crackling_fire,/m/07pzfmf,13
MjgUwbwjOzQ,crackling_fire,/m/07pzfmf,13
NFC2-RC7_QQ,crackling_fire,/m/07pzfmf,13
NzWgMNQX5xw,crackling_fire,/m/07pzfmf,13
RPA-QYPV_os,crackling_fire,/m/07pzfmf,13
RSXUYIi95wo,crackling_fire,/m/07pzfmf,13
RzheyPWA3fA,crackling_fire,/m/07pzfmf,13
TBCKVIvh7Ug,crackling_fire,/m/07pzfmf,13
TKSFbf-wQ8I,crackling_fire,/m/07pzfmf,13
Uq-owMVP9qI,crackling_fire,/m/07pzfmf,13
UxEyOSK9nxo,crackling_fire,/m/07pzfmf,13
VR3BEMxNhz8,crackling_fire,/m/07pzfmf,13
VqBGj3jhiJ0,crackling_fire,/m/07pzfmf,13
WLL4th4kUZ4,crackling_fire,/m/07pzfmf,13
Wce8rgsG4rQ,crackling_fire,/m/07pzfmf,13
X96v9LlsjJM,crackling_fire,/m/07pzfmf,13
Xcp3GkJElDU,crackling_fire,/m/07pzfmf,13
YWAchXE2HqQ,crackling_fire,/m/07pzfmf,13
YcuomHq-QbM,crackling_fire,/m/07pzfmf,13
ZsIqiDfSJNk,crackling_fire,/m/07pzfmf,13
_8A132_-BJQ,crackling_fire,/m/07pzfmf,13
_JgY3UNXvVI,crackling_fire,/m/07pzfmf,13
aBbdPO4U7Cc,crackling_fire,/m/07pzfmf,13
akjMGNYTAdA,crackling_fire,/m/07pzfmf,13
dmdMvf8RkSQ,crackling_fire,/m/07pzfmf,13
-1EXhfqLLwQ,pouring_water,/t/dd00088,18
ww7bh_drCvc,pouring_water,/t/dd00088,18
x3aNvFi22l0,pouring_water,/t/dd00088,18
0EI7FxbdsUE,pouring_water,/t/dd00088,18
0eXXRhp0p3w,pouring_water,/t/dd00088,18
1s8ErA1OMTw,pouring_water,/t/dd00088,18
2VdW0Qvn2Hw,pouring_water,/t/dd00088,18
2WxUIkF2zEw,pouring_water,/t/dd00088,18
4MMhx8m8KBQ,pouring_water,/t/dd00088,18
4MSJcPKYJA8,pouring_water,/t/dd00088,18
4RqJOZgHHgk,pouring_water,/t/dd00088,18
5j4OQmvqTPQ,pouring_water,/t/dd00088,18
8G9eS_GHUiY,pouring_water,/t/dd00088,18
9JFqp4WP-PU,pouring_water,/t/dd00088,18
9_PL623vf5o,pouring_water,/t/dd00088,18
A60nOXvCEv4,pouring_water,/t/dd00088,18
A737TB0brQI,pouring_water,/t/dd00088,18
B9j8-Cf1ZW8,pouring_water,/t/dd00088,18
CvZmBlCY-a8,pouring_water,/t/dd00088,18
FNzAJm8gLVk,pouring_water,/t/dd00088,18
Fr0UnYeFVW0,pouring_water,/t/dd00088,18
GUIB1njPpsI,pouring_water,/t/dd00088,18
H-qEp1A4BUM,pouring_water,/t/dd00088,18
H-tXe_jnWIs,pouring_water,/t/dd00088,18
HYzI9n0-nms,pouring_water,/t/dd00088,18
IAkWbyWd8H4,pouring_water,/t/dd00088,18
IF5WORhyXj4,pouring_water,/t/dd00088,18
IoRvn0t1tsQ,pouring_water,/t/dd00088,18
Jf7wpI8CwA8,pouring_water,/t/dd00088,18
JfDeETDDwhM,pouring_water,/t/dd00088,18
KFDbKtZmcr0,pouring_water,/t/dd00088,18
KmCgsTPN6LU,pouring_water,/t/dd00088,18
L5v5PMvH6zk,pouring_water,/t/dd00088,18
N7MQjLZYJKc,pouring_water,/t/dd00088,18
PF5yTLzWyBU,pouring_water,/t/dd00088,18
PXPKed8mwZs,pouring_water,/t/dd00088,18
QnFbIVjPu_c,pouring_water,/t/dd00088,18
RMYsIKdMD0A,pouring_water,/t/dd00088,18
UZNwO2n6dCM,pouring_water,/t/dd00088,18
UvOf3PK2yRs,pouring_water,/t/dd00088,18
-1pPw9zZopA,toilet_flush,/m/01jt3m,19
vsDTdpTIIMM,toilet_flush,/m/01jt3m,19
w4_26WHfzko,toilet_flush,/m/01jt3m,19
xduQyXSEDAc,toilet_flush,/m/01jt3m,19
2K0NKi1wigk,toilet_flush,/m/01jt3m,19
2vzUFWykARU,toilet_flush,/m/01jt3m,19
3JJ700tVT_0,toilet_flush,/m/01jt3m,19
4H5p1W_oS9g,toilet_flush,/m/01jt3m,19
4P0lThY7Bnk,toilet_flush,/m/01jt3m,19
6Bh50bxvod4,toilet_flush,/m/01jt3m,19
7-COxzRtOEU,toilet_flush,/m/01jt3m,19
7LsJrF1AwZg,toilet_flush,/m/01jt3m,19
8mT-l6lcBsk,toilet_flush,/m/01jt3m,19
B5u3PG7PWDE,toilet_flush,/m/01jt3m,19
DTyjtZZRKH8,toilet_flush,/m/01jt3m,19
E81-l2bwh40,toilet_flush,/m/01jt3m,19
F-mbfDB9bN4,toilet_flush,/m/01jt3m,19
G7JFyw4L_7A,toilet_flush,/m/01jt3m,19
Grnk9p9P7Qk,toilet_flush,/m/01jt3m,19
HpA4ldGoHRQ,toilet_flush,/m/01jt3m,19
JQ_4fYOd-R0,toilet_flush,/m/01jt3m,19
JwhuPQxlCpg,toilet_flush,/m/01jt3m,19
MOEE9uo6MCk,toilet_flush,/m/01jt3m,19
N_NCQdSQ0eA,toilet_flush,/m/01jt3m,19
OnJaLTDVxjQ,toilet_flush,/m/01jt3m,19
PUwNDssbDXw,toilet_flush,/m/01jt3m,19
QFnwnAHcttY,toilet_flush,/m/01jt3m,19
RA8ck5zeHM0,toilet_flush,/m/01jt3m,19
TpX4tu7GrUw,toilet_flush,/m/01jt3m,19
TslB1VMKXmM,toilet_flush,/m/01jt3m,19
U4LITdDmjvg,toilet_flush,/m/01jt3m,19
U7WkuGO-lps,toilet_flush,/m/01jt3m,19
U8kJ9DFX6S0,toilet_flush,/m/01jt3m,19
UrluLxHLwQM,toilet_flush,/m/01jt3m,19
VrZkUqz2WZI,toilet_flush,/m/01jt3m,19
WzmlUCUX6WM,toilet_flush,/m/01jt3m,19
YYgdY9YrVBs,toilet_flush,/m/01jt3m,19
Yn2KgQjK5R4,toilet_flush,/m/01jt3m,19
ZxWfqAhmnpg,toilet_flush,/m/01jt3m,19
_AfYlb7oEsg,toilet_flush,/m/01jt3m,19
-1pRmoJIGQc,engine,/m/02mk9,45
-3YWuPXHknk,engine,/m/02mk9,45
jvbBphtBEmk,engine,/m/02mk9,45
kFyUwSZ7O7Y,engine,/m/02mk9,45
kJ1AWz_mhmE,engine,/m/02mk9,45
lp66EaEOOoU,engine,/m/02mk9,45
lrCA2ow4PPE,engine,/m/02mk9,45
m1dv_y_3EK0,engine,/m/02mk9,45
0PQYNtIBVf4,engine,/m/02mk9,45
0QqQ1j1vBgw,engine,/m/02mk9,45
0fiuMvWi3yM,engine,/m/02mk9,45
0hOD_iIeePk,engine,/m/02mk9,45
0hjqlmdPT6g,engine,/m/02mk9,45
0t5dj-Q2V-k,engine,/m/02mk9,45
1F23RciUwDE,engine,/m/02mk9,45
1ISlTAGBMhs,engine,/m/02mk9,45
1rtXsGC-q3Q,engine,/m/02mk9,45
26X_s28ilYs,engine,/m/02mk9,45
2STASUlGAjs,engine,/m/02mk9,45
2d4HQ8ZM_2k,engine,/m/02mk9,45
2ke9wf3Ajkg,engine,/m/02mk9,45
3HfgmWYXlvo,engine,/m/02mk9,45
3_OLj6XChvM,engine,/m/02mk9,45
3nqcNxcTdFI,engine,/m/02mk9,45
3saUiDqAqEc,engine,/m/02mk9,45
3sflCnetnS0,engine,/m/02mk9,45
4G92jhdrbhs,engine,/m/02mk9,45
4MRzQbAIyV4,engine,/m/02mk9,45
4UCZF_UnG10,engine,/m/02mk9,45
4VegMOtu5YU,engine,/m/02mk9,45
52uYyV64Nbk,engine,/m/02mk9,45
5QpSgohMobQ,engine,/m/02mk9,45
5VUNaWHmkHw,engine,/m/02mk9,45
5gA-LzH0MXY,engine,/m/02mk9,45
5slM2JWYnBw,engine,/m/02mk9,45
6-MkiieY2M0,engine,/m/02mk9,45
620GoTv5Ic8,engine,/m/02mk9,45
6FVA4hqp1Ro,engine,/m/02mk9,45
6U942AYlcXA,engine,/m/02mk9,45
6kuESYFcEqw,engine,/m/02mk9,45
-23CeprtibU,chainsaw,/m/01j4z9,42
0DzsPL-xElE,chainsaw,/m/01j4z9,42
1MgcrYdYas0,chainsaw,/m/01j4z9,42
1fDGejVDAHU,chainsaw,/m/01j4z9,42
3IwOig7sw6c,chainsaw,/m/01j4z9,42
3lkI_scF2eU,chainsaw,/m/01j4z9,42
4egukLBpAcQ,chainsaw,/m/01j4z9,42
7TmKzUgWiRU,chainsaw,/m/01j4z9,42
88N23-hjddY,chainsaw,/m/01j4z9,42
9HcahqYUVoc,chainsaw,/m/01j4z9,42
AahgXCrU1ZQ,chainsaw,/m/01j4z9,42
AhcY8QVSLtM,chainsaw,/m/01j4z9,42
ApNcj8ijJlo,chainsaw,/m/01j4z9,42
BBukw6JpCeg,chainsaw,/m/01j4z9,42
BsYFCAuPjwE,chainsaw,/m/01j4z9,42
C0j69NCIKfw,chainsaw,/m/01j4z9,42
C46X66FU_Dw,chainsaw,/m/01j4z9,42
CKkbZCb9Y18,chainsaw,/m/01j4z9,42
CZQ1bedI5Wo,chainsaw,/m/01j4z9,42
Do5DfkHBhtg,chainsaw,/m/01j4z9,42
EcywputDZmE,chainsaw,/m/01j4z9,42
F8OkghIn9L8,chainsaw,/m/01j4z9,42
GFkB9Par4M8,chainsaw,/m/01j4z9,42
LH08k5Kf4AI,chainsaw,/m/01j4z9,42
LNiFcuhoUj8,chainsaw,/m/01j4z9,42
Lx4poQw1mZo,chainsaw,/m/01j4z9,42
MnH4tzgKXVc,chainsaw,/m/01j4z9,42
NJUl3gPX07o,chainsaw,/m/01j4z9,42
OWuMapsvJ3w,chainsaw,/m/01j4z9,42
TIL8jEw8pSc,chainsaw,/m/01j4z9,42
TQsjIE2VHqw,chainsaw,/m/01j4z9,42
UF0HDsK0fwo,chainsaw,/m/01j4z9,42
UqyvFyQthHo,chainsaw,/m/01j4z9,42
Vsz6dpRCwSo,chainsaw,/m/01j4z9,42
W1VYWwYdJRQ,chainsaw,/m/01j4z9,42
WLPj0LIokkM,chainsaw,/m/01j4z9,42
Wj-USV0lSUA,chainsaw,/m/01j4z9,42
ZoameGbMVt8,chainsaw,/m/01j4z9,42
_6uZ1HyHSQY,chainsaw,/m/01j4z9,42
_dvVfWzJlDM,chainsaw,/m/01j4z9,42
-3-4qmWSJXU,rain,/m/06mb1,11
0BauNGmZtTU,rain,/m/06mb1,11
10rH37YYvKU,rain,/m/06mb1,11
1De-OI8YG-M,rain,/m/06mb1,11
1J_j6c2uQaM,rain,/m/06mb1,11
1NkUBIl2Plw,rain,/m/06mb1,11
1QtsF8qkX1Y,rain,/m/06mb1,11
1XO0SqsZhHU,rain,/m/06mb1,11
1Y2YtG9EX-g,rain,/m/06mb1,11
2uIQLhORRns,rain,/m/06mb1,11
3yt8xEb1VXA,rain,/m/06mb1,11
4GsJe7tvsl0,rain,/m/06mb1,11
4kq5i-xUqaM,rain,/m/06mb1,11
4tnwJe6vvrE,rain,/m/06mb1,11
54wNjdYr8ww,rain,/m/06mb1,11
5B29CwNwULU,rain,/m/06mb1,11
5su1M6NdG-I,rain,/m/06mb1,11
7CTzN_wSb6g,rain,/m/06mb1,11
8QntTInSS1A,rain,/m/06mb1,11
96HJ2f5dj6U,rain,/m/06mb1,11
9_q88T-xmPg,rain,/m/06mb1,11
A-QYRlK7cd8,rain,/m/06mb1,11
A58jDX8MIbs,rain,/m/06mb1,11
A6p86Kp6tDE,rain,/m/06mb1,11
ACPEFXeCx9k,rain,/m/06mb1,11
Akmt_1N_tuU,rain,/m/06mb1,11
DF0AL3gaNLQ,rain,/m/06mb1,11
DIkH3opVS8o,rain,/m/06mb1,11
DKN30Bwf_HQ,rain,/m/06mb1,11
D_MavKxL6oc,rain,/m/06mb1,11
E9ulxBBGUVc,rain,/m/06mb1,11
EAHbMk015Rw,rain,/m/06mb1,11
Fz1SAYd7js0,rain,/m/06mb1,11
Fz99QvWup20,rain,/m/06mb1,11
HvyXGNx_jYc,rain,/m/06mb1,11
Iyf2C0_SwuQ,rain,/m/06mb1,11
Jh-upSoOqTc,rain,/m/06mb1,11
Jm5Qj05pMDQ,rain,/m/06mb1,11
KgIKVWGLUUo,rain,/m/06mb1,11
LvHVrKhkKBE,rain,/m/06mb1,11
-3-4qmWSJXU,thunderstorm,/m/0jb2l,20
vpSc0_NCkKU,thunderstorm,/m/0jb2l,20
0439dMJj-FY,thunderstorm,/m/0jb2l,20
0BauNGmZtTU,thunderstorm,/m/0jb2l,20
0XSNrKgA94g,thunderstorm,/m/0jb2l,20
10rH37YYvKU,thunderstorm,/m/0jb2l,20
1De-OI8YG-M,thunderstorm,/m/0jb2l,20
1J_j6c2uQaM,thunderstorm,/m/0jb2l,20
1QtsF8qkX1Y,thunderstorm,/m/0jb2l,20
1Y2YtG9EX-g,thunderstorm,/m/0jb2l,20
54wNjdYr8ww,thunderstorm,/m/0jb2l,20
A58jDX8MIbs,thunderstorm,/m/0jb2l,20
A6p86Kp6tDE,thunderstorm,/m/0jb2l,20
DIkH3opVS8o,thunderstorm,/m/0jb2l,20
DKN30Bwf_HQ,thunderstorm,/m/0jb2l,20
E9ulxBBGUVc,thunderstorm,/m/0jb2l,20
EAHbMk015Rw,thunderstorm,/m/0jb2l,20
Fz1SAYd7js0,thunderstorm,/m/0jb2l,20
HvyXGNx_jYc,thunderstorm,/m/0jb2l,20
Iyf2C0_SwuQ,thunderstorm,/m/0jb2l,20
Jh-upSoOqTc,thunderstorm,/m/0jb2l,20
KgIKVWGLUUo,thunderstorm,/m/0jb2l,20
LFUt_bj_5ng,thunderstorm,/m/0jb2l,20
LZFfZoHh-Vs,thunderstorm,/m/0jb2l,20
LvHVrKhkKBE,thunderstorm,/m/0jb2l,20
Mt8jQmWWmEE,thunderstorm,/m/0jb2l,20
NWzLu1xRyK4,thunderstorm,/m/0jb2l,20
POuhGn61ZR8,thunderstorm,/m/0jb2l,20
QP_ZCssCySw,thunderstorm,/m/0jb2l,20
QZpgHrKXooc,thunderstorm,/m/0jb2l,20
RPscbFkdUto,thunderstorm,/m/0jb2l,20
S8fjyxM7DgU,thunderstorm,/m/0jb2l,20
SdHsbNDd_zA,thunderstorm,/m/0jb2l,20
Szwd-0tatdo,thunderstorm,/m/0jb2l,20
TC3Z6NuoFz8,thunderstorm,/m/0jb2l,20
TjF7KY9R8Kc,thunderstorm,/m/0jb2l,20
TsJkj3BotEo,thunderstorm,/m/0jb2l,20
TxEAwc91Qos,thunderstorm,/m/0jb2l,20
W8XlZWqklbY,thunderstorm,/m/0jb2l,20
W_xvBhJ4zEM,thunderstorm,/m/0jb2l,20
-3rHVsIj1M8,wind,/m/03m9d0z,17
zexkXRiD9zk,wind,/m/03m9d0z,17
0N6S5OoG7Vg,wind,/m/03m9d0z,17
0NZLG7HMiLg,wind,/m/03m9d0z,17
0w7pCxwXzVc,wind,/m/03m9d0z,17
1On2yNySbZ0,wind,/m/03m9d0z,17
1U38Q2MpYM4,wind,/m/03m9d0z,17
1XO0SqsZhHU,wind,/m/03m9d0z,17
1owKdIYYYeg,wind,/m/03m9d0z,17
2UXH7NW9ae8,wind,/m/03m9d0z,17
2W4dw8XuetE,wind,/m/03m9d0z,17
3-QgZPCM4nk,wind,/m/03m9d0z,17
3OlQmVVOzbQ,wind,/m/03m9d0z,17
3t6pqBKV0kY,wind,/m/03m9d0z,17
48Jgt4igVEI,wind,/m/03m9d0z,17
4BO6EbCTKwM,wind,/m/03m9d0z,17
4KEmXh9FmmI,wind,/m/03m9d0z,17
5GLnohP0IkU,wind,/m/03m9d0z,17
5S9W9-nTgLE,wind,/m/03m9d0z,17
5hSnO76tkIM,wind,/m/03m9d0z,17
5l-SoHOFw_c,wind,/m/03m9d0z,17
65CTVvK_mjE,wind,/m/03m9d0z,17
6agTJDB5lno,wind,/m/03m9d0z,17
6vlK5YIeFQE,wind,/m/03m9d0z,17
7LoVjl-6wlc,wind,/m/03m9d0z,17
7R8QaecvJzA,wind,/m/03m9d0z,17
8RjJvfW0Q3M,wind,/m/03m9d0z,17
8bB2BcjSzBU,wind,/m/03m9d0z,17
8hAk1TZk8pM,wind,/m/03m9d0z,17
8sd513xQzV4,wind,/m/03m9d0z,17
9F1Tw0VnG38,wind,/m/03m9d0z,17
9L21uB0nyq0,wind,/m/03m9d0z,17
9_L9CXHPd9M,wind,/m/03m9d0z,17
9n5G0qFBsHM,wind,/m/03m9d0z,17
9q2xqtfEgdo,wind,/m/03m9d0z,17
A74lbeD1k1o,wind,/m/03m9d0z,17
AA0N8XMqx9s,wind,/m/03m9d0z,17
ARCyuCLGlmc,wind,/m/03m9d0z,17
AS0PySOANPo,wind,/m/03m9d0z,17
AUbQtsMg0uk,wind,/m/03m9d0z,17
-6cTEqIcics,siren,/m/03kmc9,43
-9GUUhB3QV0,siren,/m/03kmc9,43
zbiJEml563w,siren,/m/03kmc9,43
02Ak1eIyj3M,siren,/m/03kmc9,43
03Q2SbeP_cw,siren,/m/03kmc9,43
0CJFt950vOk,siren,/m/03kmc9,43
0H_WUo2srs0,siren,/m/03kmc9,43
0K1mroXg8bs,siren,/m/03kmc9,43
0mD4OcdidBM,siren,/m/03kmc9,43
0xDlT_u31fg,siren,/m/03kmc9,43
145N68nh4m0,siren,/m/03kmc9,43
1F9zCsJyw6k,siren,/m/03kmc9,43
1LA8BxMlXSY,siren,/m/03kmc9,43
1jhbNtCWC9w,siren,/m/03kmc9,43
1z16oAB1nMk,siren,/m/03kmc9,43
2-h8MRSRvEg,siren,/m/03kmc9,43
28ehZa0fzmo,siren,/m/03kmc9,43
2pHfgh_G1yo,siren,/m/03kmc9,43
2v_KyNpsyKs,siren,/m/03kmc9,43
2zwNVAyInxs,siren,/m/03kmc9,43
3PVT0BcK-2I,siren,/m/03kmc9,43
4A5lud7-cJo,siren,/m/03kmc9,43
4Vq6WDtxTt4,siren,/m/03kmc9,43
4_cfXx3iLes,siren,/m/03kmc9,43
4arad6my08E,siren,/m/03kmc9,43
5VElNpaNPoo,siren,/m/03kmc9,43
5fjy_2ajEkg,siren,/m/03kmc9,43
5xklhqtPZho,siren,/m/03kmc9,43
69AIBPnJN5E,siren,/m/03kmc9,43
77bRcIdLuT0,siren,/m/03kmc9,43
7eeN-fXbso8,siren,/m/03kmc9,43
84b7NrzJWiI,siren,/m/03kmc9,43
8Aq2DyLbUBA,siren,/m/03kmc9,43
8BP-zKvuq5c,siren,/m/03kmc9,43
8Mnb35qaNBg,siren,/m/03kmc9,43
8rICricPhh8,siren,/m/03kmc9,43
93vN8AS4jHY,siren,/m/03kmc9,43
9MWHXCLAX8I,siren,/m/03kmc9,43
zjRKHV2YPxc,siren,/m/03kmc9,43
9P6-DKN1XLA,siren,/m/03kmc9,43
-9byM5-ih2M,cat,/m/01yrx,6
xa-lg7S1vns,cat,/m/01yrx,6
zCdOEvduBTo,cat,/m/01yrx,6
zE6BVRSQNZU,cat,/m/01yrx,6
zh4tznWde1M,cat,/m/01yrx,6
zxd98l89Prk,cat,/m/01yrx,6
01SaXyGY5SM,cat,/m/01yrx,6
17WW_p1N7BQ,cat,/m/01yrx,6
18HRNQyo9mg,cat,/m/01yrx,6
2I0ns0crmrA,cat,/m/01yrx,6
2IEoe3YvCJo,cat,/m/01yrx,6
2REf8hLLYMw,cat,/m/01yrx,6
2Ssh4YWMroo,cat,/m/01yrx,6
2eYaXTKSpMI,cat,/m/01yrx,6
2gvw16YDwMA,cat,/m/01yrx,6
2jKheXvnT6o,cat,/m/01yrx,6
2tXE7snh6Ak,cat,/m/01yrx,6
2yX9079mMB4,cat,/m/01yrx,6
39IZIbmQPzA,cat,/m/01yrx,6
39rXWSXGOyo,cat,/m/01yrx,6
3LtXT2KVI-c,cat,/m/01yrx,6
446etGsnI_E,cat,/m/01yrx,6
46t-4NFQ9_w,cat,/m/01yrx,6
4isFtP23Sh0,cat,/m/01yrx,6
55l9j-CggDQ,cat,/m/01yrx,6
5tM4bPM6E_w,cat,/m/01yrx,6
5tt23l-wcjA,cat,/m/01yrx,6
63Qy15I3QGE,cat,/m/01yrx,6
6FUmapkqPn0,cat,/m/01yrx,6
6Kn4bXCPvaA,cat,/m/01yrx,6
6OAXLFoBpLY,cat,/m/01yrx,6
6UY-HKyolKk,cat,/m/01yrx,6
6dgTnGDYiZc,cat,/m/01yrx,6
6psjy93yoTA,cat,/m/01yrx,6
70CtvdsGQf4,cat,/m/01yrx,6
75PJeJ2hGcw,cat,/m/01yrx,6
7916WqcPKBA,cat,/m/01yrx,6
7CRVoUCXg_A,cat,/m/01yrx,6
7MXamVgKszI,cat,/m/01yrx,6
84uy3xSw9H0,cat,/m/01yrx,6
yMS98yG7B2g,hand_saw,/m/01b82r,50
zEMG6GMb0jY,hand_saw,/m/01b82r,50
1ZS9EQzbAbM,hand_saw,/m/01b82r,50
3bGqkpfyk6k,hand_saw,/m/01b82r,50
5hlJWN4ERT8,hand_saw,/m/01b82r,50
6QNUQ-66lK0,hand_saw,/m/01b82r,50
6iDiC8UJeCI,hand_saw,/m/01b82r,50
6nNOHgUrTSw,hand_saw,/m/01b82r,50
8DR0YvL6XJI,hand_saw,/m/01b82r,50
9oixCTvP8Yw,hand_saw,/m/01b82r,50
AnGW1f1p_4w,hand_saw,/m/01b82r,50
AwQ1XihD4sk,hand_saw,/m/01b82r,50
E32Is8KRTnk,hand_saw,/m/01b82r,50
E7MIY00Jvwk,hand_saw,/m/01b82r,50
EUt_ogGY7IY,hand_saw,/m/01b82r,50
EmSUkJScuTo,hand_saw,/m/01b82r,50
GfboYrKgc5A,hand_saw,/m/01b82r,50
GsPXOxs__k0,hand_saw,/m/01b82r,50
HI1_HYH74h4,hand_saw,/m/01b82r,50
HuTOZN20wGU,hand_saw,/m/01b82r,50
K32LHZcoIIE,hand_saw,/m/01b82r,50
KfbGhVQTWpU,hand_saw,/m/01b82r,50
Kpy3ikfksCE,hand_saw,/m/01b82r,50
KrYQ42YjKu8,hand_saw,/m/01b82r,50
KwLtyPOBSq0,hand_saw,/m/01b82r,50
LPnYdHIg0eM,hand_saw,/m/01b82r,50
RMVeu3jJH60,hand_saw,/m/01b82r,50
Rg1uZCKzo0A,hand_saw,/m/01b82r,50
SPsOscw70ns,hand_saw,/m/01b82r,50
Src7bBpWhuw,hand_saw,/m/01b82r,50
UA-LrX0bNHM,hand_saw,/m/01b82r,50
UDQZbw6nIu0,hand_saw,/m/01b82r,50
Uq0Thas70N8,hand_saw,/m/01b82r,50
V1mWFSQQHko,hand_saw,/m/01b82r,50
VwD83cv_IoQ,hand_saw,/m/01b82r,50
XILCJ2bM1Zk,hand_saw,/m/01b82r,50
XK2UZu9iNOM,hand_saw,/m/01b82r,50
XXzscvTQ8vk,hand_saw,/m/01b82r,50
_OhK-5e2Fck,hand_saw,/m/01b82r,50
cvwtnO8feQU,hand_saw,/m/01b82r,50
ztDx8xy0ldU,church_bells,/m/03w41f,47
09pZj6CEvRw,church_bells,/m/03w41f,47
0Cu33yBwAPg,church_bells,/m/03w41f,47
0IzhjqyDzt8,church_bells,/m/03w41f,47
2fL9dvO8O3Q,church_bells,/m/03w41f,47
2iAO9PKZDGk,church_bells,/m/03w41f,47
3hIqesIVX-c,church_bells,/m/03w41f,47
49WpWcOnPs4,church_bells,/m/03w41f,47
4H8yUkaCwvA,church_bells,/m/03w41f,47
4aIeFNxtLTQ,church_bells,/m/03w41f,47
59bFleb7qQA,church_bells,/m/03w41f,47
5aEBWi9H0rg,church_bells,/m/03w41f,47
6vl7eSBL-ag,church_bells,/m/03w41f,47
8ooVSXeHb94,church_bells,/m/03w41f,47
BfbrxdAWlWs,church_bells,/m/03w41f,47
F9B29hkyhCs,church_bells,/m/03w41f,47
FWLkyzlJBP8,church_bells,/m/03w41f,47
FsVcCpJ6Gak,church_bells,/m/03w41f,47
I7OqRsLtmh0,church_bells,/m/03w41f,47
ItIo1RvO0PE,church_bells,/m/03w41f,47
JNUF3mMSnSI,church_bells,/m/03w41f,47
JbuoNXVKqBo,church_bells,/m/03w41f,47
Knhb_BCn5Bc,church_bells,/m/03w41f,47
NHMSZ6en7m4,church_bells,/m/03w41f,47
Nz4iLzJBTBo,church_bells,/m/03w41f,47
OXi5eZwCoq0,church_bells,/m/03w41f,47
PEABLpVs3gg,church_bells,/m/03w41f,47
PVGChCsrCuk,church_bells,/m/03w41f,47
PaJatNJhmsQ,church_bells,/m/03w41f,47
QCW2lhs0rt8,church_bells,/m/03w41f,47
R2jQmn99gME,church_bells,/m/03w41f,47
RLC6BxdpsqM,church_bells,/m/03w41f,47
RhmN8ktt5FI,church_bells,/m/03w41f,47
S-rvkcb7xv8,church_bells,/m/03w41f,47
VQ60kd-BrC8,church_bells,/m/03w41f,47
XdVvgmBei0c,church_bells,/m/03w41f,47
Yp1cJbxf178,church_bells,/m/03w41f,47
YwoYv1REVss,church_bells,/m/03w41f,47
_4NEAgqguN0,church_bells,/m/03w41f,47
_AopX_dxdZ0,church_bells,/m/03w41f,47
z20BNoRnGfA,drinking_sipping,/m/03cczk,30
03IZHwOh2eQ,drinking_sipping,/m/03cczk,30
1ZYdMBmSLPU,drinking_sipping,/m/03cczk,30
1nNXaI04SEg,drinking_sipping,/m/03cczk,30
2CEb1hYM3EA,drinking_sipping,/m/03cczk,30
4AYMycTRYPQ,drinking_sipping,/m/03cczk,30
4CCErQFp018,drinking_sipping,/m/03cczk,30
4aCF0QTIsTM,drinking_sipping,/m/03cczk,30
4q8KuEMFfhA,drinking_sipping,/m/03cczk,30
4vfWdTvX7qc,drinking_sipping,/m/03cczk,30
58zENxTDTjk,drinking_sipping,/m/03cczk,30
7AMjN4TLZU0,drinking_sipping,/m/03cczk,30
7Pj4ENryUkQ,drinking_sipping,/m/03cczk,30
A6rZ8zedGOM,drinking_sipping,/m/03cczk,30
BRTOWkKiKu0,drinking_sipping,/m/03cczk,30
CrCsfXn48q0,drinking_sipping,/m/03cczk,30
Ct1-uayfSr4,drinking_sipping,/m/03cczk,30
DT4Q7SB_pkc,drinking_sipping,/m/03cczk,30
EHzO_mqYm9U,drinking_sipping,/m/03cczk,30
FZVD7lduY0Y,drinking_sipping,/m/03cczk,30
Gb-vhZNWN98,drinking_sipping,/m/03cczk,30
IAf3HUIy0lA,drinking_sipping,/m/03cczk,30
Io9aikyyBGk,drinking_sipping,/m/03cczk,30
KPjiLF72m1g,drinking_sipping,/m/03cczk,30
LEzNIxWwxgU,drinking_sipping,/m/03cczk,30
LR0hhvaTSXs,drinking_sipping,/m/03cczk,30
NUVGVpQP0dk,drinking_sipping,/m/03cczk,30
QNRche7AZkM,drinking_sipping,/m/03cczk,30
QPR_tghZjAI,drinking_sipping,/m/03cczk,30
Urpfo3V0EPw,drinking_sipping,/m/03cczk,30
Vh9sA7U71qY,drinking_sipping,/m/03cczk,30
XrJurJGQtnU,drinking_sipping,/m/03cczk,30
Z0180hEnKUI,drinking_sipping,/m/03cczk,30
ZkMAr01ABIA,drinking_sipping,/m/03cczk,30
_RVPvm5kFcM,drinking_sipping,/m/03cczk,30
aSUdzI_nsIc,drinking_sipping,/m/03cczk,30
cqCnU2AqzPA,drinking_sipping,/m/03cczk,30
fgbeeAqRWsc,drinking_sipping,/m/03cczk,30
fm8KrGaGoTg,drinking_sipping,/m/03cczk,30
gPR4mIR2zb8,drinking_sipping,/m/03cczk,30
z6oqPB07X3o,glass_breaking,/m/07rn7sz,40
10lWpHyN0Ok,glass_breaking,/m/07rn7sz,40
25RWrqQol7Y,glass_breaking,/m/07rn7sz,40
2zdYIRTUQYE,glass_breaking,/m/07rn7sz,40
6MssjoV8tuU,glass_breaking,/m/07rn7sz,40
7vCaMmP1fP8,glass_breaking,/m/07rn7sz,40
8NfGndNYYIg,glass_breaking,/m/07rn7sz,40
BGD7J6MP2C8,glass_breaking,/m/07rn7sz,40
CaiH1jw4KT0,glass_breaking,/m/07rn7sz,40
CzjyGormZVk,glass_breaking,/m/07rn7sz,40
DLjN4-4EP-0,glass_breaking,/m/07rn7sz,40
E3oSg7bNxSg,glass_breaking,/m/07rn7sz,40
EYGwU_Hj8is,glass_breaking,/m/07rn7sz,40
F0Lu_CBRLnM,glass_breaking,/m/07rn7sz,40
F4lfyN85-5I,glass_breaking,/m/07rn7sz,40
GNu_hiHGEp0,glass_breaking,/m/07rn7sz,40
MiQZ0dGQuIA,glass_breaking,/m/07rn7sz,40
N6YT8_jlt0E,glass_breaking,/m/07rn7sz,40
NdbgG4EqKZc,glass_breaking,/m/07rn7sz,40
OMxgo6zoAIM,glass_breaking,/m/07rn7sz,40
OOik9i9wrU8,glass_breaking,/m/07rn7sz,40
P9fh7rOIKcM,glass_breaking,/m/07rn7sz,40
PF6Mn51Nkvs,glass_breaking,/m/07rn7sz,40
R0BNcrueMa4,glass_breaking,/m/07rn7sz,40
RPuCtUVfntk,glass_breaking,/m/07rn7sz,40
RTLvin_qGWs,glass_breaking,/m/07rn7sz,40
S1RwxsoyACg,glass_breaking,/m/07rn7sz,40
ShzpJ0-Ms98,glass_breaking,/m/07rn7sz,40
UJaHzHwTTZs,glass_breaking,/m/07rn7sz,40
Vg5jwwjWWK8,glass_breaking,/m/07rn7sz,40
VnQ_AfvX59E,glass_breaking,/m/07rn7sz,40
WYf3GhFoYoE,glass_breaking,/m/07rn7sz,40
WzQCthIGwsc,glass_breaking,/m/07rn7sz,40
_NxuW7UpFco,glass_breaking,/m/07rn7sz,40
_O0n0l_tL1Q,glass_breaking,/m/07rn7sz,40
a7I-8v9uZis,glass_breaking,/m/07rn7sz,40
b8vONiPGMl8,glass_breaking,/m/07rn7sz,40
cVgw01vB-yQ,glass_breaking,/m/07rn7sz,40
cqCYhJYEgRw,glass_breaking,/m/07rn7sz,40
db7z5uroxsA,glass_breaking,/m/07rn7sz,40
zPFvgx4EGTQ,snoring,/m/01d3sd,29
06rCpqwkcDw,snoring,/m/01d3sd,29
0Cd8q2Zg1Mc,snoring,/m/01d3sd,29
0ml1KwECOo8,snoring,/m/01d3sd,29
1-TnkdEPXEw,snoring,/m/01d3sd,29
3NlbRr8GRnE,snoring,/m/01d3sd,29
3R5YHrIFcYM,snoring,/m/01d3sd,29
3lsNtH_m7kw,snoring,/m/01d3sd,29
4IvFk-bZ0-M,snoring,/m/01d3sd,29
5Y-1he25j9E,snoring,/m/01d3sd,29
68PoupXLTzw,snoring,/m/01d3sd,29
7bPW9RP3kt0,snoring,/m/01d3sd,29
Bd1ew7c6xwM,snoring,/m/01d3sd,29
C_GPPxcR88Q,snoring,/m/01d3sd,29
D53Pw2Y_fU4,snoring,/m/01d3sd,29
F6467rL5yDU,snoring,/m/01d3sd,29
HCXAVkq1ces,snoring,/m/01d3sd,29
HPDXlIyFNQU,snoring,/m/01d3sd,29
HYrEWz7NYpE,snoring,/m/01d3sd,29
JAl3p8csciM,snoring,/m/01d3sd,29
KJk18rZa77I,snoring,/m/01d3sd,29
LHjilKc-7pI,snoring,/m/01d3sd,29
MaG2BHKuTD8,snoring,/m/01d3sd,29
PTUc5eFGO4s,snoring,/m/01d3sd,29
PZebAuuhxs0,snoring,/m/01d3sd,29
Qg48SUSbl9Y,snoring,/m/01d3sd,29
QsONaFwj-lg,snoring,/m/01d3sd,29
SVTIs8WTqLA,snoring,/m/01d3sd,29
TTv9woFkkaA,snoring,/m/01d3sd,29
WOwlbymVAno,snoring,/m/01d3sd,29
WQa0kWeelhU,snoring,/m/01d3sd,29
Wm-TZ-dO_rQ,snoring,/m/01d3sd,29
YMdi49orh4U,snoring,/m/01d3sd,29
ZkH7dC0CdrE,snoring,/m/01d3sd,29
e1uLwpLOpr4,snoring,/m/01d3sd,29
eBhQGaw6v1I,snoring,/m/01d3sd,29
eRrpfIyzUvY,snoring,/m/01d3sd,29
ezsF6Lc-sQg,snoring,/m/01d3sd,29
fJ2t1VRXizw,snoring,/m/01d3sd,29
fQI5KUfM2xc,snoring,/m/01d3sd,29
y3NZZETzVws,rooster,/m/09b5t,2
y3NZZETzVws,hen,/m/09b5t,7
0RKgmvzhBA4,rooster,/m/09b5t,2
0RKgmvzhBA4,hen,/m/09b5t,7
11ruZHgyTKM,rooster,/m/09b5t,2
11ruZHgyTKM,hen,/m/09b5t,7
14XML4NbS38,rooster,/m/09b5t,2
14XML4NbS38,hen,/m/09b5t,7
17L2VkXtcQ0,rooster,/m/09b5t,2
17L2VkXtcQ0,hen,/m/09b5t,7
30kPsWBW45w,rooster,/m/09b5t,2
30kPsWBW45w,hen,/m/09b5t,7
3EE5WKQMBek,rooster,/m/09b5t,2
3EE5WKQMBek,hen,/m/09b5t,7
3V-q5MJSzAk,rooster,/m/09b5t,2
3V-q5MJSzAk,hen,/m/09b5t,7
46zbt7TQHRs,rooster,/m/09b5t,2
46zbt7TQHRs,hen,/m/09b5t,7
4jDqaqqvLVQ,rooster,/m/09b5t,2
4jDqaqqvLVQ,hen,/m/09b5t,7
50NTzyIyu6Y,rooster,/m/09b5t,2
50NTzyIyu6Y,hen,/m/09b5t,7
5EontevWcfQ,rooster,/m/09b5t,2
5EontevWcfQ,hen,/m/09b5t,7
67GZuUxV27w,rooster,/m/09b5t,2
67GZuUxV27w,hen,/m/09b5t,7
68hapDEQEj0,rooster,/m/09b5t,2
68hapDEQEj0,hen,/m/09b5t,7
6Y5Ad3Mg068,rooster,/m/09b5t,2
6Y5Ad3Mg068,hen,/m/09b5t,7
7EgbS-lbHWY,rooster,/m/09b5t,2
7EgbS-lbHWY,hen,/m/09b5t,7
7RyBRczgJK4,rooster,/m/09b5t,2
7RyBRczgJK4,hen,/m/09b5t,7
7l_TPfOhh5c,rooster,/m/09b5t,2
7l_TPfOhh5c,hen,/m/09b5t,7
9db_3io8-fE,rooster,/m/09b5t,2
9db_3io8-fE,hen,/m/09b5t,7
9pfZ4sXXsE4,rooster,/m/09b5t,2
9pfZ4sXXsE4,hen,/m/09b5t,7
9wMeb3Q-IiQ,rooster,/m/09b5t,2
9wMeb3Q-IiQ,hen,/m/09b5t,7
A43JOxLa5MM,rooster,/m/09b5t,2
A43JOxLa5MM,hen,/m/09b5t,7
A58nnmnhfUo,rooster,/m/09b5t,2
A58nnmnhfUo,hen,/m/09b5t,7
BTnTqJ-m_Io,rooster,/m/09b5t,2
BTnTqJ-m_Io,hen,/m/09b5t,7
CScQCxNACyc,rooster,/m/09b5t,2
CScQCxNACyc,hen,/m/09b5t,7
CU72qSlceqM,rooster,/m/09b5t,2
CU72qSlceqM,hen,/m/09b5t,7
CX-gGuT3iEs,rooster,/m/09b5t,2
CX-gGuT3iEs,hen,/m/09b5t,7
ChBwdyjZAJI,rooster,/m/09b5t,2
ChBwdyjZAJI,hen,/m/09b5t,7
CkEDNhSIk0I,rooster,/m/09b5t,2
CkEDNhSIk0I,hen,/m/09b5t,7
CsqoaGRJhfM,rooster,/m/09b5t,2
CsqoaGRJhfM,hen,/m/09b5t,7
DkJ6OScQshI,rooster,/m/09b5t,2
DkJ6OScQshI,hen,/m/09b5t,7
ECVzhzOC5Q0,rooster,/m/09b5t,2
ECVzhzOC5Q0,hen,/m/09b5t,7
FNFgjJ00J9w,rooster,/m/09b5t,2
FNFgjJ00J9w,hen,/m/09b5t,7
FpYuJwh_vo8,rooster,/m/09b5t,2
FpYuJwh_vo8,hen,/m/09b5t,7
Fzs-OIw-Atw,rooster,/m/09b5t,2
Fzs-OIw-Atw,hen,/m/09b5t,7
G-tO6Sqyiu4,rooster,/m/09b5t,2
G-tO6Sqyiu4,hen,/m/09b5t,7
GkStiQ3hR5g,rooster,/m/09b5t,2
GkStiQ3hR5g,hen,/m/09b5t,7
H4D_eIQZGoE,rooster,/m/09b5t,2
H4D_eIQZGoE,hen,/m/09b5t,7
I1NE3H6soBU,rooster,/m/09b5t,2
I1NE3H6soBU,hen,/m/09b5t,7
ITYq5xoDGK0,rooster,/m/09b5t,2
ITYq5xoDGK0,hen,/m/09b5t,7
z4KzRLq8oLg,cow,/m/01xq0k1,4
1YFa9CpH7Kc,cow,/m/01xq0k1,4
2Hj6ogt1TJo,cow,/m/01xq0k1,4
3hEgl8N2FBA,cow,/m/01xq0k1,4
3i0GlkevMuQ,cow,/m/01xq0k1,4
4Rym4DqrhHM,cow,/m/01xq0k1,4
6M4vQCuhOSw,cow,/m/01xq0k1,4
7CG_9qUdU8M,cow,/m/01xq0k1,4
7PEL4NrU1Jk,cow,/m/01xq0k1,4
87tCTDAXZto,cow,/m/01xq0k1,4
BZRZcFA9Dr4,cow,/m/01xq0k1,4
ClnfpR5VSgA,cow,/m/01xq0k1,4
CmGHMSQZOVw,cow,/m/01xq0k1,4
CrOlDmMSVSM,cow,/m/01xq0k1,4
GQvle2TmUtw,cow,/m/01xq0k1,4
GqhUujqVRZQ,cow,/m/01xq0k1,4
JEgaH1K6Q8w,cow,/m/01xq0k1,4
JtiEjJram8k,cow,/m/01xq0k1,4
K_EsxukdNXM,cow,/m/01xq0k1,4
KksMNKXuiNw,cow,/m/01xq0k1,4
LC4vDpnkDtM,cow,/m/01xq0k1,4
MDMHvUb2JmM,cow,/m/01xq0k1,4
MnSZAzs8BtU,cow,/m/01xq0k1,4
N0d1cK2k1Eg,cow,/m/01xq0k1,4
NY1zBHjxxc4,cow,/m/01xq0k1,4
RBvHrG87Jiw,cow,/m/01xq0k1,4
RMPyriqNS-4,cow,/m/01xq0k1,4
RN_qfzQUkeU,cow,/m/01xq0k1,4
RUftlme_EtU,cow,/m/01xq0k1,4
T1_nZvxh5kI,cow,/m/01xq0k1,4
TAHDbSl7F_4,cow,/m/01xq0k1,4
UR-2P-NHz1w,cow,/m/01xq0k1,4
UYBuKiXo92s,cow,/m/01xq0k1,4
WDI5peW22Jc,cow,/m/01xq0k1,4
WR83qQPQSoE,cow,/m/01xq0k1,4
X4fHYJ74pV8,cow,/m/01xq0k1,4
XAgX4QEV9Ts,cow,/m/01xq0k1,4
XCkoQ-sCQ4Y,cow,/m/01xq0k1,4
Xv2Ba8LoD9U,cow,/m/01xq0k1,4
Y5YiwUCuJSs,cow,/m/01xq0k1,4
xqr4TX37qFw,washing_machine,/m/025wky1,36
0BgI0XxW0kE,washing_machine,/m/025wky1,36
0HzbpwB3xDk,washing_machine,/m/025wky1,36
0J3wJhQVOII,washing_machine,/m/025wky1,36
33fqw0k_qkM,washing_machine,/m/025wky1,36
4V7Bhqy04VE,washing_machine,/m/025wky1,36
4_qChbvQ8J8,washing_machine,/m/025wky1,36
65d-NiFDy48,washing_machine,/m/025wky1,36
6EHZlbbX8vI,washing_machine,/m/025wky1,36
6Wk4xP93TyA,washing_machine,/m/025wky1,36
6qrJMLyyHII,washing_machine,/m/025wky1,36
8ba-w5Pk6ho,washing_machine,/m/025wky1,36
Amo2eRlYrzg,washing_machine,/m/025wky1,36
ByacfcUJSYA,washing_machine,/m/025wky1,36
CNWhN1Ai-VI,washing_machine,/m/025wky1,36
DfCZGsD7U7k,washing_machine,/m/025wky1,36
EFvizsFFS4Q,washing_machine,/m/025wky1,36
Evsqcjw868A,washing_machine,/m/025wky1,36
Fx2yDgMqYJA,washing_machine,/m/025wky1,36
HJer7aPM6tk,washing_machine,/m/025wky1,36
HvbCaYacIC4,washing_machine,/m/025wky1,36
I-gmOi0EXYU,washing_machine,/m/025wky1,36
I-nVcl1UdE4,washing_machine,/m/025wky1,36
IVcori_bC9o,washing_machine,/m/025wky1,36
JxB7BCUiZsw,washing_machine,/m/025wky1,36
KFGLB5JNF3g,washing_machine,/m/025wky1,36
KR7oVVpOzvY,washing_machine,/m/025wky1,36
M-w-U1Of6cA,washing_machine,/m/025wky1,36
N3ki26oRRnw,washing_machine,/m/025wky1,36
O6RXoU88yL8,washing_machine,/m/025wky1,36
PxOTUmD3J_M,washing_machine,/m/025wky1,36
Q4dG9vSyUFQ,washing_machine,/m/025wky1,36
QOiwMW2eh5g,washing_machine,/m/025wky1,36
R92tGFJYj1w,washing_machine,/m/025wky1,36
ThjLszNKcI4,washing_machine,/m/025wky1,36
UiJGjXtM3y4,washing_machine,/m/025wky1,36
V3f4qo4LS5U,washing_machine,/m/025wky1,36
Vv0rVOqKhkQ,washing_machine,/m/025wky1,36
YYFwJLingA4,washing_machine,/m/025wky1,36
_z4obCUqXss,washing_machine,/m/025wky1,36
wHoSjefsmsE,brushing_teeth,/m/04fgwm,28
zDULhAxsJfY,brushing_teeth,/m/04fgwm,28
2rdTrQnl4c8,brushing_teeth,/m/04fgwm,28
2t4CkOvERAI,brushing_teeth,/m/04fgwm,28
3iVJw9topU0,brushing_teeth,/m/04fgwm,28
4gTHEt6np5o,brushing_teeth,/m/04fgwm,28
4xgYnUrMefU,brushing_teeth,/m/04fgwm,28
5igDVYbGB9k,brushing_teeth,/m/04fgwm,28
7NRXbm31TuU,brushing_teeth,/m/04fgwm,28
7OExK7ETCnA,brushing_teeth,/m/04fgwm,28
7oSV7L_16xY,brushing_teeth,/m/04fgwm,28
7tbxN_Mq8Qg,brushing_teeth,/m/04fgwm,28
8-NQVeN9Wg4,brushing_teeth,/m/04fgwm,28
8RK1x263Ou0,brushing_teeth,/m/04fgwm,28
8sBzNjVD6Nk,brushing_teeth,/m/04fgwm,28
AOijOUuUWwg,brushing_teeth,/m/04fgwm,28
ArsQ4TvpVFM,brushing_teeth,/m/04fgwm,28
AyA6zrWfkYY,brushing_teeth,/m/04fgwm,28
AzashCN4V_U,brushing_teeth,/m/04fgwm,28
C0j69NCIKfw,brushing_teeth,/m/04fgwm,28
CSCvisy9SmA,brushing_teeth,/m/04fgwm,28
DJBil1cXkPg,brushing_teeth,/m/04fgwm,28
DqCSTZYskfM,brushing_teeth,/m/04fgwm,28
EbnAmPYcq1U,brushing_teeth,/m/04fgwm,28
GpGKHdqpoLE,brushing_teeth,/m/04fgwm,28
H3BWUt31xhM,brushing_teeth,/m/04fgwm,28
JQcSucwRmuU,brushing_teeth,/m/04fgwm,28
L3SIlxdLGxI,brushing_teeth,/m/04fgwm,28
L3ZtE3rD2nc,brushing_teeth,/m/04fgwm,28
MFAttF_l0LY,brushing_teeth,/m/04fgwm,28
MWwRKzwkgQM,brushing_teeth,/m/04fgwm,28
OpsC1fCg4IU,brushing_teeth,/m/04fgwm,28
QSRjdU4XpGA,brushing_teeth,/m/04fgwm,28
QzbTGlIKxKQ,brushing_teeth,/m/04fgwm,28
R_I7Exj6Dlk,brushing_teeth,/m/04fgwm,28
WvRyg95cUIQ,brushing_teeth,/m/04fgwm,28
YVeURlpM-ZA,brushing_teeth,/m/04fgwm,28
Z9j21mbjERc,brushing_teeth,/m/04fgwm,28
b8FVXKxMg9U,brushing_teeth,/m/04fgwm,28
czjWylNH-nQ,brushing_teeth,/m/04fgwm,28
wSp6fhxjWCA,mouse_click,/m/07qc9xj,32
wmGt9eEfN0w,mouse_click,/m/07qc9xj,32
0rzB4A1PjnA,mouse_click,/m/07qc9xj,32
2ff27NC3YUc,mouse_click,/m/07qc9xj,32
7ssccf2qjx8,mouse_click,/m/07qc9xj,32
9KmiTXxlxtM,mouse_click,/m/07qc9xj,32
ABsCEKemTpQ,mouse_click,/m/07qc9xj,32
AL-dutJvx0s,mouse_click,/m/07qc9xj,32
BpGT0DGKZns,mouse_click,/m/07qc9xj,32
CfszvDMLP7o,mouse_click,/m/07qc9xj,32
CgM7GormbWA,mouse_click,/m/07qc9xj,32
D6VGsQPmhLU,mouse_click,/m/07qc9xj,32
DNye_gxopHw,mouse_click,/m/07qc9xj,32
Daw_brn1sqw,mouse_click,/m/07qc9xj,32
Db7-q3MKvys,mouse_click,/m/07qc9xj,32
Edo095l4PZQ,mouse_click,/m/07qc9xj,32
J_I4xOxxc08,mouse_click,/m/07qc9xj,32
KAOpo10Xaak,mouse_click,/m/07qc9xj,32
LPVOyn30bq4,mouse_click,/m/07qc9xj,32
M3ztqt9KK38,mouse_click,/m/07qc9xj,32
O9t6UB9q4No,mouse_click,/m/07qc9xj,32
OYy4ba68Np4,mouse_click,/m/07qc9xj,32
PT4VWExj7Yk,mouse_click,/m/07qc9xj,32
PWMb36qRDvo,mouse_click,/m/07qc9xj,32
QETUuZ27N0w,mouse_click,/m/07qc9xj,32
Rcn1sMFiCOE,mouse_click,/m/07qc9xj,32
Sp1oJSsrB94,mouse_click,/m/07qc9xj,32
Sz1ko3iPcB4,mouse_click,/m/07qc9xj,32
U58FSo_rAhI,mouse_click,/m/07qc9xj,32
U5dtJt_az-0,mouse_click,/m/07qc9xj,32
UQVGvokR7hE,mouse_click,/m/07qc9xj,32
VVj6ISLoddo,mouse_click,/m/07qc9xj,32
WDGPTGU9qjU,mouse_click,/m/07qc9xj,32
XGR2Tbc-kwQ,mouse_click,/m/07qc9xj,32
Ylp_i7ZMvjw,mouse_click,/m/07qc9xj,32
ZffKAdpfa5c,mouse_click,/m/07qc9xj,32
ZgUAT7CIhsY,mouse_click,/m/07qc9xj,32
ZjkpFrFND2A,mouse_click,/m/07qc9xj,32
_JPokTJg2as,mouse_click,/m/07qc9xj,32
wmGt9eEfN0w,mouse_click,/m/07qc9xj,32
uB0Vu7erfp8,crow,/m/04s8yn,10
xWavlvNCMfQ,crow,/m/04s8yn,10
1sdKPEwPtrg,crow,/m/04s8yn,10
1tobDIRRV0A,crow,/m/04s8yn,10
2CymVO8lDJs,crow,/m/04s8yn,10
2XFrBXTnNY8,crow,/m/04s8yn,10
2zvRxVypSC8,crow,/m/04s8yn,10
5DmXE3NTxRQ,crow,/m/04s8yn,10
5iTVbHhYhC4,crow,/m/04s8yn,10
7I2yJgXKncw,crow,/m/04s8yn,10
7xkj4XqaynU,crow,/m/04s8yn,10
91oWey75sC8,crow,/m/04s8yn,10
AM3p_hpT-0o,crow,/m/04s8yn,10
CnbUcxEwMPE,crow,/m/04s8yn,10
DDmCxUncIyc,crow,/m/04s8yn,10
EMUhJi30xJU,crow,/m/04s8yn,10
F0xRrtS-_Wk,crow,/m/04s8yn,10
FLb3rJLGH9o,crow,/m/04s8yn,10
Fj9Hv1gEJLA,crow,/m/04s8yn,10
IHlgJYdUxKo,crow,/m/04s8yn,10
IX21ecgta50,crow,/m/04s8yn,10
K6UW_LgkIjs,crow,/m/04s8yn,10
LdpRTw1ieMI,crow,/m/04s8yn,10
MHT46cURY6c,crow,/m/04s8yn,10
NCSXKxmlusY,crow,/m/04s8yn,10
Oc9azgD3RJ8,crow,/m/04s8yn,10
QqLU-o7N7Kw,crow,/m/04s8yn,10
SmuyUnEZaJw,crow,/m/04s8yn,10
SzhOVP7BXUE,crow,/m/04s8yn,10
TBEmfa4Ft5I,crow,/m/04s8yn,10
TR4-xSB97w8,crow,/m/04s8yn,10
U2Ek06LbrYs,crow,/m/04s8yn,10
WVS46ZGovGw,crow,/m/04s8yn,10
WrSpubuVkN0,crow,/m/04s8yn,10
XpQ_eTjyFrw,crow,/m/04s8yn,10
ZENfhZYyv-M,crow,/m/04s8yn,10
ZnTyglKDTdc,crow,/m/04s8yn,10
boPZxCznYbc,crow,/m/04s8yn,10
bqmWNU5oLZM,crow,/m/04s8yn,10
cIfZ4nbVVdw,crow,/m/04s8yn,10
yf-Aa8R9ayY,frog,/m/032n05,5
16HeogyZxSk,frog,/m/032n05,5
1dt9eL2rmSY,frog,/m/032n05,5
2KGnpMYHBGI,frog,/m/032n05,5
2bdRls2kSpk,frog,/m/032n05,5
2wGpeTasJLA,frog,/m/032n05,5
4XcFatlvf48,frog,/m/032n05,5
5a_Qxd4ECTo,frog,/m/032n05,5
7HEKMRfM0vw,frog,/m/032n05,5
AGuts_6EMhA,frog,/m/032n05,5
BdI5BAUf2V4,frog,/m/032n05,5
Bhqfp-Qt6f4,frog,/m/032n05,5
Cq4ShMl690k,frog,/m/032n05,5
GwxSvUoYSZg,frog,/m/032n05,5
H_FrcBRaQuQ,frog,/m/032n05,5
ILWJ82W2UZg,frog,/m/032n05,5
KkW6ZkmAlEw,frog,/m/032n05,5
LOU7bzpnIGU,frog,/m/032n05,5
LjE4u5co2bE,frog,/m/032n05,5
M3Rk--QT_Y4,frog,/m/032n05,5
MFKbL-GU-_U,frog,/m/032n05,5
MH4WpiMdgOc,frog,/m/032n05,5
NOvaHY34-9U,frog,/m/032n05,5
NuO2TrjfJtw,frog,/m/032n05,5
OIRDrkv-Pn8,frog,/m/032n05,5
PNPyzzDGIa8,frog,/m/032n05,5
Pq1jBX0RW2k,frog,/m/032n05,5
Q6_Wg0y1lqw,frog,/m/032n05,5
QK-oIY4GDU0,frog,/m/032n05,5
RqRuSwZey_U,frog,/m/032n05,5
SvsvcnzFy-g,frog,/m/032n05,5
TiPSqABkvF4,frog,/m/032n05,5
UHTD6M3y91U,frog,/m/032n05,5
UJwUhEUghZ0,frog,/m/032n05,5
UStjSuhBBnY,frog,/m/032n05,5
Ver6GFbEuno,frog,/m/032n05,5
W9VFsly_Wvk,frog,/m/032n05,5
WGwMw5mLJ54,frog,/m/032n05,5
WabT1L-nN-E,frog,/m/032n05,5
XQAj4Y2cA1c,frog,/m/032n05,5
zcPFRKqTD9I,insects,/m/03vt0,8
0CA5CPHRXDc,insects,/m/03vt0,8
0CTgEP0SIVg,insects,/m/03vt0,8
0HbhE91JB-k,insects,/m/03vt0,8
0he6VV5Y9Bg,insects,/m/03vt0,8
0vXqf9ix8LE,insects,/m/03vt0,8
18aaA2efGng,insects,/m/03vt0,8
19knOj43yZE,insects,/m/03vt0,8
1JSbmO1NQzk,insects,/m/03vt0,8
1PAb2MoavDc,insects,/m/03vt0,8
1wdCX1HmRyk,insects,/m/03vt0,8
2DyD824KPFM,insects,/m/03vt0,8
2__T6Q8rCCA,insects,/m/03vt0,8
2wIrHCaxBNU,insects,/m/03vt0,8
30cHPFm09aY,insects,/m/03vt0,8
36v-AEu7uAU,insects,/m/03vt0,8
3ymgPYkdSIg,insects,/m/03vt0,8
492jB4DXETM,insects,/m/03vt0,8
4JOgMI5PEHo,insects,/m/03vt0,8
4Kc6fjIEV3s,insects,/m/03vt0,8
4enilF4pEko,insects,/m/03vt0,8
5a6lyeOr9Rw,insects,/m/03vt0,8
5fzwZ3YnYi8,insects,/m/03vt0,8
5j_v9dhjbdU,insects,/m/03vt0,8
6fk7dtIgSpk,insects,/m/03vt0,8
7D6AVpPGHzg,insects,/m/03vt0,8
7WK770u5D4c,insects,/m/03vt0,8
80ffPGmYlzk,insects,/m/03vt0,8
86GbHzzWhpg,insects,/m/03vt0,8
8XpFjwhNYUE,insects,/m/03vt0,8
99A5reksPts,insects,/m/03vt0,8
9Mn-RAIcDIw,insects,/m/03vt0,8
9NYsJxa4wjA,insects,/m/03vt0,8
9dU2y2b_LBg,insects,/m/03vt0,8
9j_FItO0jt8,insects,/m/03vt0,8
ABNmO9SewG8,insects,/m/03vt0,8
ABf_0EVfFR0,insects,/m/03vt0,8
AMg-IgW7Dzg,insects,/m/03vt0,8
AXOtscWe2FQ,insects,/m/03vt0,8
Awxvsh2tM48,insects,/m/03vt0,8
when3v7NVFk,car_horn,/m/0912c9,44
yBSkaQ91H3g,car_horn,/m/0912c9,44
4M-KQ67k3uQ,car_horn,/m/0912c9,44
5YuUjP3HODY,car_horn,/m/0912c9,44
5jNp0IQb5QQ,car_horn,/m/0912c9,44
7AN6Sfm3cFc,car_horn,/m/0912c9,44
7EAkRbG8qKk,car_horn,/m/0912c9,44
8AY0aXAQjwY,car_horn,/m/0912c9,44
9--lmruxKJY,car_horn,/m/0912c9,44
97aoiaWwRVk,car_horn,/m/0912c9,44
9NPKQDaNCRk,car_horn,/m/0912c9,44
9p9Lg1SqJpg,car_horn,/m/0912c9,44
9rw3qz2ouRQ,car_horn,/m/0912c9,44
AmrR1Y9Uvjw,car_horn,/m/0912c9,44
ArmIysvGUyk,car_horn,/m/0912c9,44
C8KVATdHjzA,car_horn,/m/0912c9,44
DkWAn4rtLa4,car_horn,/m/0912c9,44
IMTv4Ym0p6A,car_horn,/m/0912c9,44
L6DFGW6jeV8,car_horn,/m/0912c9,44
LX5Y1jcoUXE,car_horn,/m/0912c9,44
MzK0doyIM70,car_horn,/m/0912c9,44
NOZsDTFLm7M,car_horn,/m/0912c9,44
O1jGNd4Deys,car_horn,/m/0912c9,44
PsZQ3cKwQNM,car_horn,/m/0912c9,44
QTx6C9nhAUM,car_horn,/m/0912c9,44
RWVuRwtjGek,car_horn,/m/0912c9,44
SBsajFvgc7Y,car_horn,/m/0912c9,44
SSFFe1cVwgU,car_horn,/m/0912c9,44
Ta6H02Kf6ws,car_horn,/m/0912c9,44
UfJg3VBTLow,car_horn,/m/0912c9,44
VP0OZdz-0IY,car_horn,/m/0912c9,44
VQ3h0ZA3FQ0,car_horn,/m/0912c9,44
XYLDjkXAuec,car_horn,/m/0912c9,44
YP5NMmYsHt0,car_horn,/m/0912c9,44
YnM8I76SWY8,car_horn,/m/0912c9,44
ZcBBqKA-dKE,car_horn,/m/0912c9,44
bR8fbwavKtc,car_horn,/m/0912c9,44
e9EUmQBO498,car_horn,/m/0912c9,44
ePaVMB0SH4Q,car_horn,/m/0912c9,44
epJtFMjV_FI,car_horn,/m/0912c9,44
zcwuAW76d8g,can_opening,/m/07qsvvw,35
zlmyh3OQCf4,can_opening,/m/07qsvvw,35
00mJnXKtToE,can_opening,/m/07qsvvw,35
0RyzdrZgrus,can_opening,/m/07qsvvw,35
1FbxStVuFYU,can_opening,/m/07qsvvw,35
1pR0SgbqP3M,can_opening,/m/07qsvvw,35
1yGWdegJjA4,can_opening,/m/07qsvvw,35
3YuO2UOYKRk,can_opening,/m/07qsvvw,35
3ziIRrklTNg,can_opening,/m/07qsvvw,35
4mepgCDbq6A,can_opening,/m/07qsvvw,35
5FNqczmbnKA,can_opening,/m/07qsvvw,35
5TuZZKMFZk0,can_opening,/m/07qsvvw,35
5chRqDeKFCU,can_opening,/m/07qsvvw,35
63NNBis8YRM,can_opening,/m/07qsvvw,35
6VJ_auuKzss,can_opening,/m/07qsvvw,35
6hSPFL2Zlpg,can_opening,/m/07qsvvw,35
74MFxrG2aSI,can_opening,/m/07qsvvw,35
8FKt2XR3W-U,can_opening,/m/07qsvvw,35
9FcaCBrrCfg,can_opening,/m/07qsvvw,35
B496Qv0CuOQ,can_opening,/m/07qsvvw,35
CtcmYF7mufk,can_opening,/m/07qsvvw,35
DaeJYtWgcoI,can_opening,/m/07qsvvw,35
FsnRM2irjvI,can_opening,/m/07qsvvw,35
GJYhDjThTHM,can_opening,/m/07qsvvw,35
G_VkmrK4Cbw,can_opening,/m/07qsvvw,35
IEJTbreQd5s,can_opening,/m/07qsvvw,35
Io50s8yqHcU,can_opening,/m/07qsvvw,35
JpDX-n13xpY,can_opening,/m/07qsvvw,35
KMQmM12G9Z4,can_opening,/m/07qsvvw,35
L5kaNanGV0I,can_opening,/m/07qsvvw,35
M1cndjn2Prk,can_opening,/m/07qsvvw,35
NxdQtpceXaI,can_opening,/m/07qsvvw,35
OruXpELHHkA,can_opening,/m/07qsvvw,35
Q_3GACs__Xs,can_opening,/m/07qsvvw,35
Qz8hNRg-7G0,can_opening,/m/07qsvvw,35
RBniJk6GKK0,can_opening,/m/07qsvvw,35
SXRFLZqVm6Q,can_opening,/m/07qsvvw,35
U8XdDv5ERu4,can_opening,/m/07qsvvw,35
UFe3sW78qd0,can_opening,/m/07qsvvw,35
_3yc8z3kXgg,can_opening,/m/07qsvvw,35
zu9W8AtZy7U,clapping,/m/0l15bq,23
0trWdhSvab4,clapping,/m/0l15bq,23
1uRrh2ZClNY,clapping,/m/0l15bq,23
33UghN1hNF8,clapping,/m/0l15bq,23
3EcfiEc08zY,clapping,/m/0l15bq,23
3qEb6Y-D7Mw,clapping,/m/0l15bq,23
6-RIiM19Be8,clapping,/m/0l15bq,23
6JFxZfN77nY,clapping,/m/0l15bq,23
6JrNJELJvP0,clapping,/m/0l15bq,23
71hqRT9U0wg,clapping,/m/0l15bq,23
7FHHtRuAz0s,clapping,/m/0l15bq,23
7feO8KCS1n8,clapping,/m/0l15bq,23
7t2HZLZ1PQs,clapping,/m/0l15bq,23
9_eXYyA8N18,clapping,/m/0l15bq,23
A6TdlZiEF6U,clapping,/m/0l15bq,23
BvBzP0VHdXI,clapping,/m/0l15bq,23
CiuMO1EkzU4,clapping,/m/0l15bq,23
EWjx9VDZSzM,clapping,/m/0l15bq,23
G8adMN5cIGM,clapping,/m/0l15bq,23
GLS43jSp2b0,clapping,/m/0l15bq,23
GuUPAjaacnY,clapping,/m/0l15bq,23
IiI9ctDL10c,clapping,/m/0l15bq,23
J2lwWP7cPxY,clapping,/m/0l15bq,23
KSOxq1eovtw,clapping,/m/0l15bq,23
MGeg6ubJ35I,clapping,/m/0l15bq,23
Ny8-G8EoWOw,clapping,/m/0l15bq,23
PB3VhxPnYIQ,clapping,/m/0l15bq,23
PN3Lx8RutmI,clapping,/m/0l15bq,23
RagXV1noyTc,clapping,/m/0l15bq,23
Swe99oRW4wY,clapping,/m/0l15bq,23
UI7rXDuYrMM,clapping,/m/0l15bq,23
VRLST_4xmAs,clapping,/m/0l15bq,23
WfmAeC2avdc,clapping,/m/0l15bq,23
Xf3nDMgSFyM,clapping,/m/0l15bq,23
Z8L3jychP14,clapping,/m/0l15bq,23
_CI6jNCi0wo,clapping,/m/0l15bq,23
_sjoX8AymCA,clapping,/m/0l15bq,23
_zMzODntmas,clapping,/m/0l15bq,23
aWdLkDo5GlY,clapping,/m/0l15bq,23
bx8qJpeAok8,clapping,/m/0l15bq,23
z4HX8-du2nQ,helicopter,/m/09ct_,41
4A3_lLVLpUg,helicopter,/m/09ct_,41
5slM2JWYnBw,helicopter,/m/09ct_,41
62iu37ZuMnw,helicopter,/m/09ct_,41
6_NEAEGeFIw,helicopter,/m/09ct_,41
8Fut6ZU85Fs,helicopter,/m/09ct_,41
8xtkV1Kb2DA,helicopter,/m/09ct_,41
9nsLTLNvOSw,helicopter,/m/09ct_,41
A68tYY9AA9Q,helicopter,/m/09ct_,41
AGA3hiGZJCo,helicopter,/m/09ct_,41
AcJXSEfGGcI,helicopter,/m/09ct_,41
BNrmXcZQ-p4,helicopter,/m/09ct_,41
BTNz6NftP34,helicopter,/m/09ct_,41
DDZlMjb-0i4,helicopter,/m/09ct_,41
DSLO9BKHSEk,helicopter,/m/09ct_,41
EOKUV6hgMhM,helicopter,/m/09ct_,41
FKbldjY5sJw,helicopter,/m/09ct_,41
GO_1gBjIR1c,helicopter,/m/09ct_,41
Ih0xy7tt2JY,helicopter,/m/09ct_,41
IisvMeU0iKQ,helicopter,/m/09ct_,41
J2nDnAerah0,helicopter,/m/09ct_,41
KC-wRA_SwK0,helicopter,/m/09ct_,41
O7-ggV4SQRs,helicopter,/m/09ct_,41
PLSAAmBa0Rc,helicopter,/m/09ct_,41
QBMDnMRwQCc,helicopter,/m/09ct_,41
R1zoAMguO3A,helicopter,/m/09ct_,41
R2Aq_j1TDSs,helicopter,/m/09ct_,41
SGFYFPs3Fic,helicopter,/m/09ct_,41
STdAr1JNXIU,helicopter,/m/09ct_,41
UDlc1slA8PA,helicopter,/m/09ct_,41
UXjhevjf9b0,helicopter,/m/09ct_,41
Uv3K_pEUlX8,helicopter,/m/09ct_,41
VmoG9nSADn8,helicopter,/m/09ct_,41
W3u2hj1x7gY,helicopter,/m/09ct_,41
Wr44Q8MQHL0,helicopter,/m/09ct_,41
X76DCP7SCR0,helicopter,/m/09ct_,41
Xb7lSqbJYog,helicopter,/m/09ct_,41
Y-qOOR0izlE,helicopter,/m/09ct_,41
_XHv7gW0D-8,helicopter,/m/09ct_,41
bHYb3-Qpmcc,helicopter,/m/09ct_,41
t2PvIMnl6zA,pig,/m/068zj,3
u1LKcPFp45k,pig,/m/068zj,3
0-2Onbywljo,pig,/m/068zj,3
1VRZ08sblVw,pig,/m/068zj,3
1WGfcIOLUK8,pig,/m/068zj,3
2JrMN2BgoZ4,pig,/m/068zj,3
2_HheXrvjA0,pig,/m/068zj,3
2nQzeKH07LQ,pig,/m/068zj,3
5hJN_DHSSpQ,pig,/m/068zj,3
6ieXDFjLKNo,pig,/m/068zj,3
6zbsUtQL4nY,pig,/m/068zj,3
85uvN5ZwvYM,pig,/m/068zj,3
8Xmib9cyepg,pig,/m/068zj,3
BZeb3Tz7Auo,pig,/m/068zj,3
C0rLDkhR1sI,pig,/m/068zj,3
EecU1KGJIt4,pig,/m/068zj,3
HS6dA_tWr5Q,pig,/m/068zj,3
InMGrulooKI,pig,/m/068zj,3
JO5CDrJHjHE,pig,/m/068zj,3
LYGLEevz_50,pig,/m/068zj,3
Mezw0XLVHgA,pig,/m/068zj,3
Oa6AxSrPo1I,pig,/m/068zj,3
PwazdGn6ldc,pig,/m/068zj,3
QNATmv1gQBU,pig,/m/068zj,3
RWI4alxYyEs,pig,/m/068zj,3
Rjmns-VWA98,pig,/m/068zj,3
SNdxshiRXmE,pig,/m/068zj,3
Sq2d-t_xEvs,pig,/m/068zj,3
TJfaUX_qYkI,pig,/m/068zj,3
VUkUAHMCPxA,pig,/m/068zj,3
VVzipNitrmk,pig,/m/068zj,3
VlyK4mRfgUU,pig,/m/068zj,3
VqZhf-tqb50,pig,/m/068zj,3
W4TodRwF2eE,pig,/m/068zj,3
ZL5ab3u6T_k,pig,/m/068zj,3
aB4VvvuSPcg,pig,/m/068zj,3
bG0PdrCdxUc,pig,/m/068zj,3
beuEEcfEU68,pig,/m/068zj,3
d3pGmkDnK2w,pig,/m/068zj,3
edje2frc3k4,pig,/m/068zj,3
ynl-L8L3Ui8,chirping_birds,/m/020bb7,15
0CTgEP0SIVg,chirping_birds,/m/020bb7,15
0x9TnOQ5Nhw,chirping_birds,/m/020bb7,15
17L2VkXtcQ0,chirping_birds,/m/020bb7,15
1ETrMAVZdY8,chirping_birds,/m/020bb7,15
1Uj_ulATth0,chirping_birds,/m/020bb7,15
1YxcifClvo0,chirping_birds,/m/020bb7,15
1dH-lZ8TNLU,chirping_birds,/m/020bb7,15
2BR2Ivk_EFA,chirping_birds,/m/020bb7,15
3NGZcpAZcl0,chirping_birds,/m/020bb7,15
492jB4DXETM,chirping_birds,/m/020bb7,15
4NBN36NCT-8,chirping_birds,/m/020bb7,15
4qaiLMEce6Y,chirping_birds,/m/020bb7,15
5GFPIlxS67k,chirping_birds,/m/020bb7,15
5tyZiD0-8z4,chirping_birds,/m/020bb7,15
67GZuUxV27w,chirping_birds,/m/020bb7,15
6IHkgMUVMnQ,chirping_birds,/m/020bb7,15
6QvSd79Ocw8,chirping_birds,/m/020bb7,15
6xlLMbiEsIM,chirping_birds,/m/020bb7,15
7JqR7JlgRlE,chirping_birds,/m/020bb7,15
7MbgmOLTLhk,chirping_birds,/m/020bb7,15
7gyHD8EZcAs,chirping_birds,/m/020bb7,15
7l_TPfOhh5c,chirping_birds,/m/020bb7,15
7oNljd7R1f8,chirping_birds,/m/020bb7,15
7uifiqanNoM,chirping_birds,/m/020bb7,15
8VoDhx0Zsxc,chirping_birds,/m/020bb7,15
8sDQkl2g4AA,chirping_birds,/m/020bb7,15
9FoazVf3CVg,chirping_birds,/m/020bb7,15
9db_3io8-fE,chirping_birds,/m/020bb7,15
9u9Zgbbngkg,chirping_birds,/m/020bb7,15
A58nnmnhfUo,chirping_birds,/m/020bb7,15
A8L0mC1_Geg,chirping_birds,/m/020bb7,15
AWcZq1PRcII,chirping_birds,/m/020bb7,15
Ah-IBgwj2lg,chirping_birds,/m/020bb7,15
Au8g9kAlrLQ,chirping_birds,/m/020bb7,15
B8AD5d7pXdM,chirping_birds,/m/020bb7,15
BEsfJ6JRd6A,chirping_birds,/m/020bb7,15
BuUeaE2Qf_A,chirping_birds,/m/020bb7,15
C5BteXnPQNk,chirping_birds,/m/020bb7,15
Cb2k9JwDkDQ,chirping_birds,/m/020bb7,15
z8HHct2R6U0,door_wood_knock,/m/07r4wb8,31
02-0m4RbDUI,door_wood_knock,/m/07r4wb8,31
0ARh-9Amrv0,door_wood_knock,/m/07r4wb8,31
0LTmV_dOmmo,door_wood_knock,/m/07r4wb8,31
0OhqyNGlJYE,door_wood_knock,/m/07r4wb8,31
1MRlrSLSN84,door_wood_knock,/m/07r4wb8,31
2UxEX2HbhO8,door_wood_knock,/m/07r4wb8,31
3477Yq9DSS8,door_wood_knock,/m/07r4wb8,31
3tUlhM80ObM,door_wood_knock,/m/07r4wb8,31
4yPdhTHZqLg,door_wood_knock,/m/07r4wb8,31
56j7jaEtDTc,door_wood_knock,/m/07r4wb8,31
6eSMimdQZKM,door_wood_knock,/m/07r4wb8,31
7-t5HgS_XP8,door_wood_knock,/m/07r4wb8,31
7HkyClk7dos,door_wood_knock,/m/07r4wb8,31
7l7gdzbt294,door_wood_knock,/m/07r4wb8,31
7sgNkeZCPQc,door_wood_knock,/m/07r4wb8,31
8-D_LgbKshE,door_wood_knock,/m/07r4wb8,31
8A1xDCkq5dk,door_wood_knock,/m/07r4wb8,31
8_KoNRnCEPE,door_wood_knock,/m/07r4wb8,31
9DQf6EgjbNE,door_wood_knock,/m/07r4wb8,31
9O55mB0-BTM,door_wood_knock,/m/07r4wb8,31
9jty9kPV4E4,door_wood_knock,/m/07r4wb8,31
AFsX8-IXV-0,door_wood_knock,/m/07r4wb8,31
CQOWZGxQ4zw,door_wood_knock,/m/07r4wb8,31
CVVxdfUG-yg,door_wood_knock,/m/07r4wb8,31
Ct7wWRJHPE0,door_wood_knock,/m/07r4wb8,31
EaBRGh2s0rU,door_wood_knock,/m/07r4wb8,31
GGILl1DBto8,door_wood_knock,/m/07r4wb8,31
GIyyb98bgno,door_wood_knock,/m/07r4wb8,31
H6bed-SH2bc,door_wood_knock,/m/07r4wb8,31
H8gY8KC4vwI,door_wood_knock,/m/07r4wb8,31
Ht8ykkUHi7w,door_wood_knock,/m/07r4wb8,31
I9XX5tPo2ws,door_wood_knock,/m/07r4wb8,31
IKq2OF8jq1c,door_wood_knock,/m/07r4wb8,31
Jc0cEbKJ9QU,door_wood_knock,/m/07r4wb8,31
LCb5ac7dWyM,door_wood_knock,/m/07r4wb8,31
LKSzacQJP70,door_wood_knock,/m/07r4wb8,31
OjG82keo43Y,door_wood_knock,/m/07r4wb8,31
QwmvsW0z4Ws,door_wood_knock,/m/07r4wb8,31
TIjqdHhg6n0,door_wood_knock,/m/07r4wb8,31
0-o0oZvSFOk,sheep,/m/07bgp,9
0WhN_cuP4lg,sheep,/m/07bgp,9
0YI_WYJVv2M,sheep,/m/07bgp,9
11iTkkMaUVo,sheep,/m/07bgp,9
3H3261x-QgI,sheep,/m/07bgp,9
3KQxT20mY-k,sheep,/m/07bgp,9
53KoRxxr1jc,sheep,/m/07bgp,9
5MMIZJ0zCZk,sheep,/m/07bgp,9
6b-072VA4UA,sheep,/m/07bgp,9
6b45dOzBN8k,sheep,/m/07bgp,9
6dhXrzs8pJc,sheep,/m/07bgp,9
7C_jcD_FOQI,sheep,/m/07bgp,9
7rqy1JhY7TU,sheep,/m/07bgp,9
9R6XN9-Z27U,sheep,/m/07bgp,9
9swhJaycCig,sheep,/m/07bgp,9
Aw43FUCkIb8,sheep,/m/07bgp,9
BPv-DH1xuBI,sheep,/m/07bgp,9
Bf3aAtNK8Sk,sheep,/m/07bgp,9
CIMamWkU-zs,sheep,/m/07bgp,9
DPpmV4JqYsM,sheep,/m/07bgp,9
DvuXNSkGMes,sheep,/m/07bgp,9
ELvsokKcydM,sheep,/m/07bgp,9
EQzSzKAPvCA,sheep,/m/07bgp,9
EsJPJ4MXhs4,sheep,/m/07bgp,9
FpSHaK68ch8,sheep,/m/07bgp,9
FtTzkBlkLJ4,sheep,/m/07bgp,9
IuvZlJaF4Go,sheep,/m/07bgp,9
LkJeC5nr8Is,sheep,/m/07bgp,9
M2tzVb5Lst4,sheep,/m/07bgp,9
M3tAFphkQow,sheep,/m/07bgp,9
MSIBrBs56wg,sheep,/m/07bgp,9
N9C2AYVnas4,sheep,/m/07bgp,9
N9o9qiAQv_U,sheep,/m/07bgp,9
QLEBKY7baBg,sheep,/m/07bgp,9
TtP63IOhg1Y,sheep,/m/07bgp,9
U8DFwb3zlDk,sheep,/m/07bgp,9
Ukwj5AKxt0E,sheep,/m/07bgp,9
UyCfhj3LXVk,sheep,/m/07bgp,9
Vbc-veezx0w,sheep,/m/07bgp,9
VgAXZHMi_ws,sheep,/m/07bgp,9
00FBAdjlF4g,door_wood_creaks,/m/07qh7jl,34
0bsbkdnSgMQ,door_wood_creaks,/m/07qh7jl,34
0fD-eSRrybM,door_wood_creaks,/m/07qh7jl,34
0fZKF6FprcA,door_wood_creaks,/m/07qh7jl,34
1g9FuuIIs84,door_wood_creaks,/m/07qh7jl,34
24sg8LpJYFM,door_wood_creaks,/m/07qh7jl,34
2Pk5iJH5wKw,door_wood_creaks,/m/07qh7jl,34
3Mo-YFd31rs,door_wood_creaks,/m/07qh7jl,34
4EJQu1zqP50,door_wood_creaks,/m/07qh7jl,34
572i4h3JcnU,door_wood_creaks,/m/07qh7jl,34
5WpHlhb6ENA,door_wood_creaks,/m/07qh7jl,34
6sfPdWaTqoA,door_wood_creaks,/m/07qh7jl,34
7XOpiU_dNe0,door_wood_creaks,/m/07qh7jl,34
7vQaa2QxCwc,door_wood_creaks,/m/07qh7jl,34
82a4aO66SQQ,door_wood_creaks,/m/07qh7jl,34
9BXEbdUrsDQ,door_wood_creaks,/m/07qh7jl,34
9JNW3l8IOio,door_wood_creaks,/m/07qh7jl,34
9Ycf6vsdAhk,door_wood_creaks,/m/07qh7jl,34
9ojbyFOqc_Q,door_wood_creaks,/m/07qh7jl,34
BETa92ALukA,door_wood_creaks,/m/07qh7jl,34
CC_45AG63HE,door_wood_creaks,/m/07qh7jl,34
Cg6N5YCd_9Y,door_wood_creaks,/m/07qh7jl,34
Cl_EaIRJRtM,door_wood_creaks,/m/07qh7jl,34
G4RkOGp9qSk,door_wood_creaks,/m/07qh7jl,34
HUacCb4_r_c,door_wood_creaks,/m/07qh7jl,34
HdUhJzjD_ek,door_wood_creaks,/m/07qh7jl,34
Hr_4zX81zsQ,door_wood_creaks,/m/07qh7jl,34
JqrYxQ6_eak,door_wood_creaks,/m/07qh7jl,34
K2ov7U_srEM,door_wood_creaks,/m/07qh7jl,34
LxeK8Gvxvmo,door_wood_creaks,/m/07qh7jl,34
MtDehOO1Vy0,door_wood_creaks,/m/07qh7jl,34
NTo1v7tD5mo,door_wood_creaks,/m/07qh7jl,34
O-yyOT3ySpQ,door_wood_creaks,/m/07qh7jl,34
Wi3mKY9L9p0,door_wood_creaks,/m/07qh7jl,34
WiqC1xMRupM,door_wood_creaks,/m/07qh7jl,34
Y8SdpbkMvIE,door_wood_creaks,/m/07qh7jl,34
buLfCXuwIaw,door_wood_creaks,/m/07qh7jl,34
c6vmZftMxTA,door_wood_creaks,/m/07qh7jl,34
c7A-3GoRl8Y,door_wood_creaks,/m/07qh7jl,34
dj3NKqIm_sw,door_wood_creaks,/m/07qh7jl,34
00iiNF4tn4o,train,/m/04zmvq,46
01he_d18c8o,train,/m/04zmvq,46
0g-KosNgMYA,train,/m/04zmvq,46
1ED_uNM-KfE,train,/m/04zmvq,46
1oJAVJPX0YY,train,/m/04zmvq,46
28Ih0rDx-Y4,train,/m/04zmvq,46
4kwKERY7wiQ,train,/m/04zmvq,46
6RWe0ow6fX4,train,/m/04zmvq,46
6_TGlFO0DCk,train,/m/04zmvq,46
6wO8ORMfyFI,train,/m/04zmvq,46
6zTszR6wgys,train,/m/04zmvq,46
88OXNd0yTMI,train,/m/04zmvq,46
9uOOfuRD6Fc,train,/m/04zmvq,46
A0hl8W3RF5c,train,/m/04zmvq,46
C607Hi51zxg,train,/m/04zmvq,46
ClaW4rHT6t0,train,/m/04zmvq,46
DNOT6k-6xcs,train,/m/04zmvq,46
G7qe64jM9zs,train,/m/04zmvq,46
HpDgnUgkNTo,train,/m/04zmvq,46
I3izYHSgVTQ,train,/m/04zmvq,46
JMF7NvH3qoE,train,/m/04zmvq,46
K9wdSR3B7s0,train,/m/04zmvq,46
NaGTvAwqJVc,train,/m/04zmvq,46
On8mxembDtg,train,/m/04zmvq,46
OqUYjRzUis4,train,/m/04zmvq,46
OqjRuWUFQy8,train,/m/04zmvq,46
PnDQGrMCnts,train,/m/04zmvq,46
RN-_agT8_Cg,train,/m/04zmvq,46
RczMLTHyBKE,train,/m/04zmvq,46
Rhvy7V4F95Q,train,/m/04zmvq,46
SZVguke6__M,train,/m/04zmvq,46
TU7DNkZtG1I,train,/m/04zmvq,46
_VdCrHztInA,train,/m/04zmvq,46
aWBYc87AJc0,train,/m/04zmvq,46
bH0ccKXoLZU,train,/m/04zmvq,46
bQtV5tya3ZQ,train,/m/04zmvq,46
bl36ZJVAP9Y,train,/m/04zmvq,46
c33tVGlM0Z8,train,/m/04zmvq,46
dSzZWgbJ378,train,/m/04zmvq,46
eKOrz8pR13o,train,/m/04zmvq,46
0CTgEP0SIVg,crickets,/m/09xqv,14
0he6VV5Y9Bg,crickets,/m/09xqv,14
0vXqf9ix8LE,crickets,/m/09xqv,14
1JSbmO1NQzk,crickets,/m/09xqv,14
1wdCX1HmRyk,crickets,/m/09xqv,14
2DyD824KPFM,crickets,/m/09xqv,14
3ymgPYkdSIg,crickets,/m/09xqv,14
492jB4DXETM,crickets,/m/09xqv,14
4enilF4pEko,crickets,/m/09xqv,14
5a6lyeOr9Rw,crickets,/m/09xqv,14
7D6AVpPGHzg,crickets,/m/09xqv,14
9Mn-RAIcDIw,crickets,/m/09xqv,14
9j_FItO0jt8,crickets,/m/09xqv,14
Awxvsh2tM48,crickets,/m/09xqv,14
B8-2EKrNwzo,crickets,/m/09xqv,14
Bbnt3nKDZiI,crickets,/m/09xqv,14
BckOteKD49k,crickets,/m/09xqv,14
CGEnKh0ocb0,crickets,/m/09xqv,14
CZpzlNUH_Hc,crickets,/m/09xqv,14
D2KrgDuU3K8,crickets,/m/09xqv,14
DTNQt1qO8xA,crickets,/m/09xqv,14
EeEAO0rmhE0,crickets,/m/09xqv,14
F33GCcoXMkI,crickets,/m/09xqv,14
INQWH7mOGeQ,crickets,/m/09xqv,14
KmMt59V3XPA,crickets,/m/09xqv,14
ObktirfMcns,crickets,/m/09xqv,14
PljzqcsQ62U,crickets,/m/09xqv,14
QBj5dyzsJkY,crickets,/m/09xqv,14
ST06L3u-WOo,crickets,/m/09xqv,14
XZubL4mZ5n0,crickets,/m/09xqv,14
Yj4i4C-CZ7M,crickets,/m/09xqv,14
Z2GITxJJ50U,crickets,/m/09xqv,14
Z9vYvEu9vC4,crickets,/m/09xqv,14
_MBO8MBhMXg,crickets,/m/09xqv,14
a4z3zx-FtZU,crickets,/m/09xqv,14
a_ruWnMK1MA,crickets,/m/09xqv,14
bKlj1LbM6wI,crickets,/m/09xqv,14
bQABY9H1h1Y,crickets,/m/09xqv,14
dP6opIF4AEA,crickets,/m/09xqv,14
de8skUrbdUc,crickets,/m/09xqv,14
0D0HHZT3jaE,clock_tick,/m/07qjznt,39
1hC6crefz0s,clock_tick,/m/07qjznt,39
4yFeWhg1sPE,clock_tick,/m/07qjznt,39
5VUNaWHmkHw,clock_tick,/m/07qjznt,39
5duUtN86Bbg,clock_tick,/m/07qjznt,39
6-zDPB3TIpU,clock_tick,/m/07qjznt,39
6R8cO4ARzkY,clock_tick,/m/07qjznt,39
6ZWz6457asM,clock_tick,/m/07qjznt,39
6ssaV2zuKVI,clock_tick,/m/07qjznt,39
7ns_vY_79Lw,clock_tick,/m/07qjznt,39
9eljNEwtJE4,clock_tick,/m/07qjznt,39
AiLw2qlOGhY,clock_tick,/m/07qjznt,39
AtSKO5l_RF8,clock_tick,/m/07qjznt,39
C33WdI64FiY,clock_tick,/m/07qjznt,39
CSEqIdBIXAY,clock_tick,/m/07qjznt,39
DApzZBcMD34,clock_tick,/m/07qjznt,39
DUfjkgwKVH8,clock_tick,/m/07qjznt,39
G3fkTXAoeJs,clock_tick,/m/07qjznt,39
HQeGwr-Wn-Q,clock_tick,/m/07qjznt,39
IJDFinSTxww,clock_tick,/m/07qjznt,39
JPVRBbdykSw,clock_tick,/m/07qjznt,39
J_UhHTgR5G8,clock_tick,/m/07qjznt,39
Jftc7Op1k4w,clock_tick,/m/07qjznt,39
Kk6C7Mm6qWM,clock_tick,/m/07qjznt,39
KzLSsTfunLY,clock_tick,/m/07qjznt,39
Lsq0FiXjGHg,clock_tick,/m/07qjznt,39
MKocTMZZnTs,clock_tick,/m/07qjznt,39
NgBE9eFXXxA,clock_tick,/m/07qjznt,39
NjZx458Y22Q,clock_tick,/m/07qjznt,39
P90rFZQFqWk,clock_tick,/m/07qjznt,39
PiytRPuZg70,clock_tick,/m/07qjznt,39
Q0Zy9nJimGM,clock_tick,/m/07qjznt,39
QqyesEq8OUY,clock_tick,/m/07qjznt,39
ReAPJvsivEM,clock_tick,/m/07qjznt,39
UDN11Q90Fa4,clock_tick,/m/07qjznt,39
UkZ76EFfLSg,clock_tick,/m/07qjznt,39
VQ2eNAO9S30,clock_tick,/m/07qjznt,39
VYIntoNjIHM,clock_tick,/m/07qjznt,39
VwRHF1tpdU8,clock_tick,/m/07qjznt,39
XsL65nQD5i4,clock_tick,/m/07qjznt,39
0JKxC7qrgt0,clock_alarm,/m/046dlr,38
0oI0BvmTLvA,clock_alarm,/m/046dlr,38
1SLrRllxMkU,clock_alarm,/m/046dlr,38
4WD_zYTAudo,clock_alarm,/m/046dlr,38
64FYj_KHcC4,clock_alarm,/m/046dlr,38
6f1OGWQG9wc,clock_alarm,/m/046dlr,38
89-cWFtXz_U,clock_alarm,/m/046dlr,38
8W82WdRBx4E,clock_alarm,/m/046dlr,38
91LB9ssE__k,clock_alarm,/m/046dlr,38
9q9pzXBPGtM,clock_alarm,/m/046dlr,38
C-XuGN8nmBM,clock_alarm,/m/046dlr,38
C7TihoHf_hM,clock_alarm,/m/046dlr,38
Ch5_-jvmUwQ,clock_alarm,/m/046dlr,38
DpSMRYBjwdk,clock_alarm,/m/046dlr,38
DqGNQbGXbcc,clock_alarm,/m/046dlr,38
DvNGnkY_S6I,clock_alarm,/m/046dlr,38
DwQ1WyGETDY,clock_alarm,/m/046dlr,38
E-ChpXLfh_E,clock_alarm,/m/046dlr,38
ExPMwoIHO8M,clock_alarm,/m/046dlr,38
F-i7xaERdUA,clock_alarm,/m/046dlr,38
F5Y7BniaRXg,clock_alarm,/m/046dlr,38
GaN-YxlcIA4,clock_alarm,/m/046dlr,38
I0qvH0g393w,clock_alarm,/m/046dlr,38
IM80hG87K_Q,clock_alarm,/m/046dlr,38
IcOOOLZVXnA,clock_alarm,/m/046dlr,38
IlqOpkmy4C0,clock_alarm,/m/046dlr,38
JKv08vkBmpc,clock_alarm,/m/046dlr,38
Kk6C7Mm6qWM,clock_alarm,/m/046dlr,38
LMBKhB8SuAg,clock_alarm,/m/046dlr,38
LcDOdDo-Nwg,clock_alarm,/m/046dlr,38
MA2MTloAjr8,clock_alarm,/m/046dlr,38
NgBE9eFXXxA,clock_alarm,/m/046dlr,38
O_1Cqphz0oQ,clock_alarm,/m/046dlr,38
PS5KAEgrtMA,clock_alarm,/m/046dlr,38
PiVcdJd0uAo,clock_alarm,/m/046dlr,38
QrcL5TkDTD0,clock_alarm,/m/046dlr,38
RayuVcywno0,clock_alarm,/m/046dlr,38
SSJlSadbMoE,clock_alarm,/m/046dlr,38
ScwMaXCZC7M,clock_alarm,/m/046dlr,38
T9RmxPrs2AY,clock_alarm,/m/046dlr,38
0MH_VX7PnQQ,vacuum_cleaner,/m/01s0vc,37
0wgqpjfTmJI,vacuum_cleaner,/m/01s0vc,37
0yRQSlu-ooc,vacuum_cleaner,/m/01s0vc,37
2RIrAIR0TGk,vacuum_cleaner,/m/01s0vc,37
2YQPwRLB1s0,vacuum_cleaner,/m/01s0vc,37
45_hB4QUjNk,vacuum_cleaner,/m/01s0vc,37
4Z9n1W7nmnA,vacuum_cleaner,/m/01s0vc,37
5aZ5OrW5Uog,vacuum_cleaner,/m/01s0vc,37
9uE695MH79A,vacuum_cleaner,/m/01s0vc,37
D4mkc_8SL2U,vacuum_cleaner,/m/01s0vc,37
DJHEBMNPc-A,vacuum_cleaner,/m/01s0vc,37
E4_8itQSrsg,vacuum_cleaner,/m/01s0vc,37
FQ0r11rOQ1w,vacuum_cleaner,/m/01s0vc,37
Fwi2B6s6vGM,vacuum_cleaner,/m/01s0vc,37
H15z26_HiJY,vacuum_cleaner,/m/01s0vc,37
Hh6ofaxCkn0,vacuum_cleaner,/m/01s0vc,37
IeSgGFQYk1s,vacuum_cleaner,/m/01s0vc,37
JLLtvS60Z-c,vacuum_cleaner,/m/01s0vc,37
KZz36BMosLM,vacuum_cleaner,/m/01s0vc,37
LOH0mIEjOCM,vacuum_cleaner,/m/01s0vc,37
M4yst1q1nlU,vacuum_cleaner,/m/01s0vc,37
NMMt-L_CVBI,vacuum_cleaner,/m/01s0vc,37
NYLC8nOobS8,vacuum_cleaner,/m/01s0vc,37
Oxq5zMWc6DA,vacuum_cleaner,/m/01s0vc,37
QNODYGqszr0,vacuum_cleaner,/m/01s0vc,37
RcVQJTTB1Nk,vacuum_cleaner,/m/01s0vc,37
UOXJFWaqNZQ,vacuum_cleaner,/m/01s0vc,37
V3Jb0Q_e_pQ,vacuum_cleaner,/m/01s0vc,37
WMnH-Z-0v7E,vacuum_cleaner,/m/01s0vc,37
XP7G9ge3Mwo,vacuum_cleaner,/m/01s0vc,37
XQ8YArt9cSI,vacuum_cleaner,/m/01s0vc,37
Xs7Y2UH_7Ig,vacuum_cleaner,/m/01s0vc,37
Y0hq-g4nDvs,vacuum_cleaner,/m/01s0vc,37
Y9jsYBlapPU,vacuum_cleaner,/m/01s0vc,37
YvjFsX6xvT0,vacuum_cleaner,/m/01s0vc,37
Zlbo8ygfPSM,vacuum_cleaner,/m/01s0vc,37
bEsCE_KoWQA,vacuum_cleaner,/m/01s0vc,37
cfkJjwEyBLE,vacuum_cleaner,/m/01s0vc,37
cpVfhI_CTto,vacuum_cleaner,/m/01s0vc,37
dyhibsrh4k0,vacuum_cleaner,/m/01s0vc,37
0_B2YnBAz3A,sneezing,/m/01hsr_,22
0_FFqLukmHk,sneezing,/m/01hsr_,22
1EiNSiO0UvU,sneezing,/m/01hsr_,22
1U8Y6VifI-M,sneezing,/m/01hsr_,22
2RGNTRHToFs,sneezing,/m/01hsr_,22
4ZJrKmDGdA4,sneezing,/m/01hsr_,22
5VcTXfDmMaw,sneezing,/m/01hsr_,22
6cKD4PX-YJw,sneezing,/m/01hsr_,22
8Of35zlnvfU,sneezing,/m/01hsr_,22
AN60q9nSnMk,sneezing,/m/01hsr_,22
AOKeCClythw,sneezing,/m/01hsr_,22
Ahhba-EM4nI,sneezing,/m/01hsr_,22
As1qH-6EF4I,sneezing,/m/01hsr_,22
B0Rje7Cj7W0,sneezing,/m/01hsr_,22
CHkE7YL08Zo,sneezing,/m/01hsr_,22
CWMLP1OHIW8,sneezing,/m/01hsr_,22
CZZNrpHh3UM,sneezing,/m/01hsr_,22
Cs1Mr3rITvc,sneezing,/m/01hsr_,22
Cwt7hCUOCDY,sneezing,/m/01hsr_,22
GOTpllAaJe4,sneezing,/m/01hsr_,22
HLxIwN7KAks,sneezing,/m/01hsr_,22
IlN12VWPl5o,sneezing,/m/01hsr_,22
ItfBY9SrWM8,sneezing,/m/01hsr_,22
JLfbuuIi720,sneezing,/m/01hsr_,22
Jogry7CVLzA,sneezing,/m/01hsr_,22
LiHQ6oUWCNM,sneezing,/m/01hsr_,22
LspJN_1R27Q,sneezing,/m/01hsr_,22
Osr4Sfb97xs,sneezing,/m/01hsr_,22
Ph2SI18iz7o,sneezing,/m/01hsr_,22
Q-T1rbA1ATk,sneezing,/m/01hsr_,22
QEE70zlVRoM,sneezing,/m/01hsr_,22
TZ32nYAOE6A,sneezing,/m/01hsr_,22
TgJHM5oSWio,sneezing,/m/01hsr_,22
U9PyY8Ldf9A,sneezing,/m/01hsr_,22
WzIeJ_yU9ys,sneezing,/m/01hsr_,22
XrfEKRcnKxs,sneezing,/m/01hsr_,22
XyIAPpcvVro,sneezing,/m/01hsr_,22
aQwf4Db8_z4,sneezing,/m/01hsr_,22
bQOqX1W3ejA,sneezing,/m/01hsr_,22
bY1rRro1QZY,sneezing,/m/01hsr_,22
0kIIGL-xFhY,breathing,/m/0lyf6,24
2-PQndbZ70c,breathing,/m/0lyf6,24
2Wd2wqMzDYc,breathing,/m/0lyf6,24
39IZIbmQPzA,breathing,/m/0lyf6,24
4X3upUSL54I,breathing,/m/0lyf6,24
4by-XGXdrXg,breathing,/m/0lyf6,24
4hhr6ppEQ4s,breathing,/m/0lyf6,24
5AYIf3nHNxY,breathing,/m/0lyf6,24
5_MhQoXWEwM,breathing,/m/0lyf6,24
8ExbE_3GOdE,breathing,/m/0lyf6,24
8aKhvS70_zY,breathing,/m/0lyf6,24
9nHSTOfrtWo,breathing,/m/0lyf6,24
AL1PGm5Mk1M,breathing,/m/0lyf6,24
B6bnFlVkKrE,breathing,/m/0lyf6,24
BmAZb_ShnQk,breathing,/m/0lyf6,24
DryJ0zkQZw0,breathing,/m/0lyf6,24
GglpWK3bBIA,breathing,/m/0lyf6,24
HBOAYyHCtGk,breathing,/m/0lyf6,24
HaYfjQz81S0,breathing,/m/0lyf6,24
ISkHr8PqIDU,breathing,/m/0lyf6,24
Ia1R_xrI-nQ,breathing,/m/0lyf6,24
J4nf-NISmJw,breathing,/m/0lyf6,24
K4EP14YaW_o,breathing,/m/0lyf6,24
KJk18rZa77I,breathing,/m/0lyf6,24
LKw0kcLQUEI,breathing,/m/0lyf6,24
MW0ZTvRCS1o,breathing,/m/0lyf6,24
NarI-T3drm0,breathing,/m/0lyf6,24
OrDFHDcPefA,breathing,/m/0lyf6,24
P4QgnBYx594,breathing,/m/0lyf6,24
PlsW8YPr1bI,breathing,/m/0lyf6,24
QKMOyUGcHJw,breathing,/m/0lyf6,24
QQo7_R2X8oA,breathing,/m/0lyf6,24
TEYK6ZUCB28,breathing,/m/0lyf6,24
V3zM2JFHN3Q,breathing,/m/0lyf6,24
ZiLlHYX-2KI,breathing,/m/0lyf6,24
_bAVmK7n0fs,breathing,/m/0lyf6,24
_h5xxCC6r6E,breathing,/m/0lyf6,24
aQyyRCDX1XA,breathing,/m/0lyf6,24
aiZvAcfdL0o,breathing,/m/0lyf6,24
b1hRkdJ69tc,breathing,/m/0lyf6,24
0sYXPO7lzco,airplane,/m/0199g,48
0x82_HySIVU,airplane,/m/0199g,48
1IQdvfm9SDY,airplane,/m/0199g,48
1_hGvbEiYAs,airplane,/m/0199g,48
26CM8IXODG4,airplane,/m/0199g,48
2f7Ad-XpbnY,airplane,/m/0199g,48
3-a8i_MEUl8,airplane,/m/0199g,48
4AyEtCf3ND0,airplane,/m/0199g,48
7KiTXYwaD04,airplane,/m/0199g,48
7gkjn-LLInI,airplane,/m/0199g,48
84flVacRHUI,airplane,/m/0199g,48
84vLeRd4pw0,airplane,/m/0199g,48
9VziOIkNXsE,airplane,/m/0199g,48
B6n0op0sLPA,airplane,/m/0199g,48
DEs_Sp9S1Nw,airplane,/m/0199g,48
FwGEy5Ek_xw,airplane,/m/0199g,48
GkpUU3VX4wQ,airplane,/m/0199g,48
H9HNXYxRmv8,airplane,/m/0199g,48
HrQxbNO5jXU,airplane,/m/0199g,48
ILpDx9MZ6Tg,airplane,/m/0199g,48
IYaEZkAO0LU,airplane,/m/0199g,48
Idzfy0XbZRo,airplane,/m/0199g,48
Iigfz_GeXVs,airplane,/m/0199g,48
JWCtQ_94YoQ,airplane,/m/0199g,48
JXmBrD4b4EI,airplane,/m/0199g,48
LQsR8LM0F_s,airplane,/m/0199g,48
LSZPNwZex9s,airplane,/m/0199g,48
M5kwg1kx4q0,airplane,/m/0199g,48
NrR1wmCpqAk,airplane,/m/0199g,48
O11hFiu43RQ,airplane,/m/0199g,48
O1_Rw2dHb1I,airplane,/m/0199g,48
OgSonEDERVY,airplane,/m/0199g,48
PF7uY9ydMYc,airplane,/m/0199g,48
Pp-F-z-_yfk,airplane,/m/0199g,48
SDl0tWf9Q44,airplane,/m/0199g,48
SkXXjcw9sJI,airplane,/m/0199g,48
SmZ8JMVeZd4,airplane,/m/0199g,48
UqyvFyQthHo,airplane,/m/0199g,48
WvquSD2PcCE,airplane,/m/0199g,48
YTQORsSRTEc,airplane,/m/0199g,48
18212B4yfLg,fireworks,/m/0g6b5,49
1MTKUN3uFrs,fireworks,/m/0g6b5,49
1mfghenMj_E,fireworks,/m/0g6b5,49
2YXcqoFlYFY,fireworks,/m/0g6b5,49
4iLKKmkyN14,fireworks,/m/0g6b5,49
4p8n4Zf-WMM,fireworks,/m/0g6b5,49
4qLAn6_xfCY,fireworks,/m/0g6b5,49
5npO2f5CdaA,fireworks,/m/0g6b5,49
7GZdzd_wcBg,fireworks,/m/0g6b5,49
AJRD-zU2Akw,fireworks,/m/0g6b5,49
BWuqZrnhPaI,fireworks,/m/0g6b5,49
BXfE7YV-KrY,fireworks,/m/0g6b5,49
BbND7nQxop4,fireworks,/m/0g6b5,49
BqxEWz8FCAI,fireworks,/m/0g6b5,49
BxwBO7QkroA,fireworks,/m/0g6b5,49
Ef0c2AieZ24,fireworks,/m/0g6b5,49
GEwEOl3uxC4,fireworks,/m/0g6b5,49
HigTx0yxhIE,fireworks,/m/0g6b5,49
HlQGcyG-xDM,fireworks,/m/0g6b5,49
I2TVTrAxvnU,fireworks,/m/0g6b5,49
IcXF-j6aCfY,fireworks,/m/0g6b5,49
JXmpEFLhr9E,fireworks,/m/0g6b5,49
Jboz8dp-8nM,fireworks,/m/0g6b5,49
K49OWIVNULE,fireworks,/m/0g6b5,49
KVuoi20iigU,fireworks,/m/0g6b5,49
L6QtigLJD_4,fireworks,/m/0g6b5,49
Lh3cr_mfrnI,fireworks,/m/0g6b5,49
LmlCcoUOaOs,fireworks,/m/0g6b5,49
MCa8xcBlBe8,fireworks,/m/0g6b5,49
R0bAuQ3vfgA,fireworks,/m/0g6b5,49
S1Q2jwEX11U,fireworks,/m/0g6b5,49
TF5OXDXtTu8,fireworks,/m/0g6b5,49
TP_CVBCc4-U,fireworks,/m/0g6b5,49
TxuwrWYaUD0,fireworks,/m/0g6b5,49
UxEyOSK9nxo,fireworks,/m/0g6b5,49
V5dlaF4rqrA,fireworks,/m/0g6b5,49
XMVoH1JjXw8,fireworks,/m/0g6b5,49
XvkNRGfbdw8,fireworks,/m/0g6b5,49
ZHksjiNWM-0,fireworks,/m/0g6b5,49
ZnEEAfLC9Sg,fireworks,/m/0g6b5,49
1B-RuZgSqf8,water_drops,/m/07r10fb,16
1NkUBIl2Plw,water_drops,/m/07r10fb,16
1QtsF8qkX1Y,water_drops,/m/07r10fb,16
1XO0SqsZhHU,water_drops,/m/07r10fb,16
2_9WJSzV6fw,water_drops,/m/07r10fb,16
2t8rYnARZuI,water_drops,/m/07r10fb,16
3yt8xEb1VXA,water_drops,/m/07r10fb,16
4GsJe7tvsl0,water_drops,/m/07r10fb,16
4tnwJe6vvrE,water_drops,/m/07r10fb,16
5B29CwNwULU,water_drops,/m/07r10fb,16
5RnD-0cA3PU,water_drops,/m/07r10fb,16
5su1M6NdG-I,water_drops,/m/07r10fb,16
7CTzN_wSb6g,water_drops,/m/07r10fb,16
7S2quCoO880,water_drops,/m/07r10fb,16
8QntTInSS1A,water_drops,/m/07r10fb,16
96HJ2f5dj6U,water_drops,/m/07r10fb,16
A-QYRlK7cd8,water_drops,/m/07r10fb,16
A6p86Kp6tDE,water_drops,/m/07r10fb,16
Akmt_1N_tuU,water_drops,/m/07r10fb,16
DF0AL3gaNLQ,water_drops,/m/07r10fb,16
DIkH3opVS8o,water_drops,/m/07r10fb,16
D_MavKxL6oc,water_drops,/m/07r10fb,16
Fz99QvWup20,water_drops,/m/07r10fb,16
GoMFJIOLkKA,water_drops,/m/07r10fb,16
HvyXGNx_jYc,water_drops,/m/07r10fb,16
Jh-upSoOqTc,water_drops,/m/07r10fb,16
Jm5Qj05pMDQ,water_drops,/m/07r10fb,16
LvHVrKhkKBE,water_drops,/m/07r10fb,16
Mt8jQmWWmEE,water_drops,/m/07r10fb,16
NmjotvipT-w,water_drops,/m/07r10fb,16
POuhGn61ZR8,water_drops,/m/07r10fb,16
SvRtOYGMWV8,water_drops,/m/07r10fb,16
VvnHyU8e1c8,water_drops,/m/07r10fb,16
W8XlZWqklbY,water_drops,/m/07r10fb,16
XXye9fPaHbY,water_drops,/m/07r10fb,16
X_iF5YWtfX4,water_drops,/m/07r10fb,16
Y2iL1oaA2EE,water_drops,/m/07r10fb,16
_s2eifpL3pM,water_drops,/m/07r10fb,16
amKlD9GdFvM,water_drops,/m/07r10fb,16
au036eve4s4,water_drops,/m/07r10fb,16
1On2yNySbZ0,sea_waves,/m/034srq,12
1owKdIYYYeg,sea_waves,/m/034srq,12
65CTVvK_mjE,sea_waves,/m/034srq,12
7LoVjl-6wlc,sea_waves,/m/034srq,12
7R8QaecvJzA,sea_waves,/m/034srq,12
8RjJvfW0Q3M,sea_waves,/m/034srq,12
8hAk1TZk8pM,sea_waves,/m/034srq,12
9F1Tw0VnG38,sea_waves,/m/034srq,12
9L21uB0nyq0,sea_waves,/m/034srq,12
9n5G0qFBsHM,sea_waves,/m/034srq,12
ARCyuCLGlmc,sea_waves,/m/034srq,12
AUbQtsMg0uk,sea_waves,/m/034srq,12
B-60jGEds7M,sea_waves,/m/034srq,12
BUREX8aFbMs,sea_waves,/m/034srq,12
C0WrPy_cSn4,sea_waves,/m/034srq,12
C3yqIuEs_zQ,sea_waves,/m/034srq,12
C_1vUaruCYI,sea_waves,/m/034srq,12
CiSmL4nmic0,sea_waves,/m/034srq,12
DK1tZljrwAc,sea_waves,/m/034srq,12
D_GfvnDbRJk,sea_waves,/m/034srq,12
FxazUcUfh1o,sea_waves,/m/034srq,12
GnyNSwKxeE8,sea_waves,/m/034srq,12
Hp-9hVWWpIw,sea_waves,/m/034srq,12
KjGMB5wI-YE,sea_waves,/m/034srq,12
LK0um3j89a0,sea_waves,/m/034srq,12
NvzT72qSSIE,sea_waves,/m/034srq,12
O-VVb8Ag49g,sea_waves,/m/034srq,12
PpK09wcJWVE,sea_waves,/m/034srq,12
QI5VGU2pris,sea_waves,/m/034srq,12
Qvx5f7jfMdw,sea_waves,/m/034srq,12
SJN5vcGGF4I,sea_waves,/m/034srq,12
SQ71Y_g116A,sea_waves,/m/034srq,12
TB-SQhg1z9A,sea_waves,/m/034srq,12
Vdh_JIJCLxA,sea_waves,/m/034srq,12
Vw-veOw_YJg,sea_waves,/m/034srq,12
Wgu03JFYmQc,sea_waves,/m/034srq,12
WtmvVWAwNrA,sea_waves,/m/034srq,12
X0LgBnGmy1w,sea_waves,/m/034srq,12
XHQGUbMSPTM,sea_waves,/m/034srq,12
ZC2-HlTYjqA,sea_waves,/m/034srq,12
24tWz7gmngI,keyboard_typing,/m/0316dw,33
2TwDPcR64Vo,keyboard_typing,/m/0316dw,33
2uKKkYgtlws,keyboard_typing,/m/0316dw,33
4O-dYCrVKLY,keyboard_typing,/m/0316dw,33
5aghVQEylEQ,keyboard_typing,/m/0316dw,33
66eFB3sy7Bw,keyboard_typing,/m/0316dw,33
6Y3YoMGHufc,keyboard_typing,/m/0316dw,33
7Qtr6D2TWBE,keyboard_typing,/m/0316dw,33
8evHpuXTcgM,keyboard_typing,/m/0316dw,33
AL-dutJvx0s,keyboard_typing,/m/0316dw,33
D6VGsQPmhLU,keyboard_typing,/m/0316dw,33
HKN2548Ts6A,keyboard_typing,/m/0316dw,33
HwGK5RvNOFI,keyboard_typing,/m/0316dw,33
I9auMdqQlmY,keyboard_typing,/m/0316dw,33
IrHeHYooRs8,keyboard_typing,/m/0316dw,33
Jcz09Kj0nAY,keyboard_typing,/m/0316dw,33
JgCZbn4JoRY,keyboard_typing,/m/0316dw,33
Jz5wulRv1Ps,keyboard_typing,/m/0316dw,33
MQtUV_cFcm8,keyboard_typing,/m/0316dw,33
MWWihdWE2FE,keyboard_typing,/m/0316dw,33
MaFYz_I7aiI,keyboard_typing,/m/0316dw,33
NXeVBvS5cxQ,keyboard_typing,/m/0316dw,33
O_ps1uO85v0,keyboard_typing,/m/0316dw,33
PZACLpEasFU,keyboard_typing,/m/0316dw,33
PuvTDLP8lwM,keyboard_typing,/m/0316dw,33
Q6rij_svhuc,keyboard_typing,/m/0316dw,33
Ti0Ck0xTdw4,keyboard_typing,/m/0316dw,33
VYIntoNjIHM,keyboard_typing,/m/0316dw,33
YUcV-grp898,keyboard_typing,/m/0316dw,33
ZJsfQXcblcg,keyboard_typing,/m/0316dw,33
ZzVYk4bLuwY,keyboard_typing,/m/0316dw,33
_MQc2srCNg0,keyboard_typing,/m/0316dw,33
_h_0T05F0aI,keyboard_typing,/m/0316dw,33
c40hgtfiYm0,keyboard_typing,/m/0316dw,33
cWZLGpaVwwE,keyboard_typing,/m/0316dw,33
d3_rqc-tOJI,keyboard_typing,/m/0316dw,33
ej9hTqRxWpA,keyboard_typing,/m/0316dw,33
fYhJdb8ka3k,keyboard_typing,/m/0316dw,33
g3kkGbxwSLQ,keyboard_typing,/m/0316dw,33
gUZOZP-sgng,keyboard_typing,/m/0316dw,33
2TV2DW0bzBg,crying_baby,/t/dd00002,21
2eWobSpugTw,crying_baby,/t/dd00002,21
2fKgYlCx_As,crying_baby,/t/dd00002,21
3KwulXmBX-8,crying_baby,/t/dd00002,21
4KxLSx-EhHI,crying_baby,/t/dd00002,21
5Eu8C0010X0,crying_baby,/t/dd00002,21
6EytmSl0VY8,crying_baby,/t/dd00002,21
8hE1DIB6wfw,crying_baby,/t/dd00002,21
9IuFwl2AtcI,crying_baby,/t/dd00002,21
ABCUrbSmLuo,crying_baby,/t/dd00002,21
Bk_xS_fKCpk,crying_baby,/t/dd00002,21
E8SPrMj1cto,crying_baby,/t/dd00002,21
GH4Ae3x12Lk,crying_baby,/t/dd00002,21
HQywkRYnWSk,crying_baby,/t/dd00002,21
IOpMfRxQdrs,crying_baby,/t/dd00002,21
J30XVELrIEM,crying_baby,/t/dd00002,21
K8On7nUJuP8,crying_baby,/t/dd00002,21
LfXdaE7ph_I,crying_baby,/t/dd00002,21
MK6Gfm0jElc,crying_baby,/t/dd00002,21
MYtq46rNsCA,crying_baby,/t/dd00002,21
P02Zdk3amjk,crying_baby,/t/dd00002,21
PVSHN_arz2k,crying_baby,/t/dd00002,21
PyXQVNaAbHc,crying_baby,/t/dd00002,21
QhUa5vXLlCI,crying_baby,/t/dd00002,21
QyJ4Z0jRJ20,crying_baby,/t/dd00002,21
StO32FBBIH4,crying_baby,/t/dd00002,21
UFcUTwPlFAU,crying_baby,/t/dd00002,21
UVCxSYZ2Now,crying_baby,/t/dd00002,21
XZ5oHxjfHKY,crying_baby,/t/dd00002,21
Xg9hTAPBwi8,crying_baby,/t/dd00002,21
Yffe5CIluko,crying_baby,/t/dd00002,21
Zm-sQnazFAQ,crying_baby,/t/dd00002,21
ZnGO4o9SqHY,crying_baby,/t/dd00002,21
b8Qv5KWswiI,crying_baby,/t/dd00002,21
dIIiaO12I5Q,crying_baby,/t/dd00002,21
doS_7NMUGjY,crying_baby,/t/dd00002,21
eXkDr7HlT0k,crying_baby,/t/dd00002,21
g9Qah25_yH0,crying_baby,/t/dd00002,21
hC7sSMWLwDo,crying_baby,/t/dd00002,21
iiAK295_-jk,crying_baby,/t/dd00002,21
2ZbuPK4b41I,laughing,/m/01j3sz,27
2tXE7snh6Ak,laughing,/m/01j3sz,27
3gCD4JFbxuo,laughing,/m/01j3sz,27
4AWUlyZP_CM,laughing,/m/01j3sz,27
4X3upUSL54I,laughing,/m/01j3sz,27
5Q5R_a86vYA,laughing,/m/01j3sz,27
5e8dnZnkLkw,laughing,/m/01j3sz,27
6jAZGb8k6tE,laughing,/m/01j3sz,27
7-Wm2TyvMs8,laughing,/m/01j3sz,27
7ARVgI_wx5Y,laughing,/m/01j3sz,27
7QnyKZe6VBA,laughing,/m/01j3sz,27
89t0486uIfo,laughing,/m/01j3sz,27
9BGpWG8iqpQ,laughing,/m/01j3sz,27
9Ci8qOMBNNU,laughing,/m/01j3sz,27
9nHSTOfrtWo,laughing,/m/01j3sz,27
A458iJLZGvg,laughing,/m/01j3sz,27
AN60q9nSnMk,laughing,/m/01j3sz,27
B8BfeyvYZcY,laughing,/m/01j3sz,27
BokrfYASP28,laughing,/m/01j3sz,27
BuIMVqz85uk,laughing,/m/01j3sz,27
Cmhpj4MJ_hQ,laughing,/m/01j3sz,27
CpqX_eohHsU,laughing,/m/01j3sz,27
CwZbOyP1ep0,laughing,/m/01j3sz,27
D-1RsAdzIcc,laughing,/m/01j3sz,27
EEGTecgVUFA,laughing,/m/01j3sz,27
EFdgfTqdF3Y,laughing,/m/01j3sz,27
FIktp5ggvX4,laughing,/m/01j3sz,27
FWWM9d899l0,laughing,/m/01j3sz,27
FxZTKkmtKic,laughing,/m/01j3sz,27
H5rRqioLDxY,laughing,/m/01j3sz,27
HLX0vrZjHmo,laughing,/m/01j3sz,27
Hm6hH83SFGk,laughing,/m/01j3sz,27
IBnelTCAXKg,laughing,/m/01j3sz,27
Iiu5mcAA8pU,laughing,/m/01j3sz,27
IlDRFxrDWw8,laughing,/m/01j3sz,27
Js-NhMZb2U4,laughing,/m/01j3sz,27
KcWPqFhrna0,laughing,/m/01j3sz,27
LhL0H-LI8SE,laughing,/m/01j3sz,27
M2WVhHYQvTM,laughing,/m/01j3sz,27
MaG2BHKuTD8,laughing,/m/01j3sz,27
